Copyright 1986-2022 Xilinx, Inc. All Rights Reserved. Copyright 2022-2024 Advanced Micro Devices, Inc. All Rights Reserved.
------------------------------------------------------------------------------------------------------------------------------------------------------------------------------------------------------------------------
| Tool Version : Vivado v.2024.1 (win64) Build 5076996 Wed May 22 18:37:14 MDT 2024
| Date         : Tue Nov 12 14:59:39 2024
| Host         : LAPTOP-3R2FRT74 running 64-bit major release  (build 9200)
| Command      : report_timing_summary -max_paths 10 -report_unconstrained -file processor_timing_summary_routed.rpt -pb processor_timing_summary_routed.pb -rpx processor_timing_summary_routed.rpx -warn_on_violation
| Design       : processor
| Device       : 7a100t-csg324
| Speed File   : -3  PRODUCTION 1.23 2018-06-13
| Design State : Routed
------------------------------------------------------------------------------------------------------------------------------------------------------------------------------------------------------------------------

Timing Summary Report

------------------------------------------------------------------------------------------------
| Timer Settings
| --------------
------------------------------------------------------------------------------------------------

  Enable Multi Corner Analysis               :  Yes
  Enable Pessimism Removal                   :  Yes
  Pessimism Removal Resolution               :  Nearest Common Node
  Enable Input Delay Default Clock           :  No
  Enable Preset / Clear Arcs                 :  No
  Disable Flight Delays                      :  No
  Ignore I/O Paths                           :  No
  Timing Early Launch at Borrowing Latches   :  No
  Borrow Time for Max Delay Exceptions       :  Yes
  Merge Timing Exceptions                    :  Yes
  Inter-SLR Compensation                     :  Conservative

  Corner  Analyze    Analyze    
  Name    Max Paths  Min Paths  
  ------  ---------  ---------  
  Slow    Yes        Yes        
  Fast    Yes        Yes        


------------------------------------------------------------------------------------------------
| Report Methodology
| ------------------
------------------------------------------------------------------------------------------------

Rule       Severity  Description                    Violations  
---------  --------  -----------------------------  ----------  
TIMING-18  Warning   Missing input or output delay  18          

Note: This report is based on the most recent report_methodology run and may not be up-to-date. Run report_methodology on the current design for the latest report.



check_timing report

Table of Contents
-----------------
1. checking no_clock (0)
2. checking constant_clock (0)
3. checking pulse_width_clock (0)
4. checking unconstrained_internal_endpoints (0)
5. checking no_input_delay (2)
6. checking no_output_delay (16)
7. checking multiple_clock (0)
8. checking generated_clocks (0)
9. checking loops (0)
10. checking partial_input_delay (0)
11. checking partial_output_delay (0)
12. checking latch_loops (0)

1. checking no_clock (0)
------------------------
 There are 0 register/latch pins with no clock.


2. checking constant_clock (0)
------------------------------
 There are 0 register/latch pins with constant_clock.


3. checking pulse_width_clock (0)
---------------------------------
 There are 0 register/latch pins which need pulse_width check


4. checking unconstrained_internal_endpoints (0)
------------------------------------------------
 There are 0 pins that are not constrained for maximum delay.

 There are 0 pins that are not constrained for maximum delay due to constant clock.


5. checking no_input_delay (2)
------------------------------
 There are 2 input ports with no input delay specified. (HIGH)

 There are 0 input ports with no input delay but user has a false path constraint.


6. checking no_output_delay (16)
--------------------------------
 There are 16 ports with no output delay specified. (HIGH)

 There are 0 ports with no output delay but user has a false path constraint

 There are 0 ports with no output delay but with a timing clock defined on it or propagating through it


7. checking multiple_clock (0)
------------------------------
 There are 0 register/latch pins with multiple clocks.


8. checking generated_clocks (0)
--------------------------------
 There are 0 generated clocks that are not connected to a clock source.


9. checking loops (0)
---------------------
 There are 0 combinational loops in the design.


10. checking partial_input_delay (0)
------------------------------------
 There are 0 input ports with partial input delay specified.


11. checking partial_output_delay (0)
-------------------------------------
 There are 0 ports with partial output delay specified.


12. checking latch_loops (0)
----------------------------
 There are 0 combinational latch loops in the design through latch input



------------------------------------------------------------------------------------------------
| Design Timing Summary
| ---------------------
------------------------------------------------------------------------------------------------

    WNS(ns)      TNS(ns)  TNS Failing Endpoints  TNS Total Endpoints      WHS(ns)      THS(ns)  THS Failing Endpoints  THS Total Endpoints     WPWS(ns)     TPWS(ns)  TPWS Failing Endpoints  TPWS Total Endpoints  
    -------      -------  ---------------------  -------------------      -------      -------  ---------------------  -------------------     --------     --------  ----------------------  --------------------  
      0.935        0.000                      0                 1468        0.154        0.000                      0                 1468        4.500        0.000                       0                   713  


All user specified timing constraints are met.


------------------------------------------------------------------------------------------------
| Clock Summary
| -------------
------------------------------------------------------------------------------------------------

Clock        Waveform(ns)       Period(ns)      Frequency(MHz)
-----        ------------       ----------      --------------
sys_clk_pin  {0.000 5.000}      10.000          100.000         


------------------------------------------------------------------------------------------------
| Intra Clock Table
| -----------------
------------------------------------------------------------------------------------------------

Clock             WNS(ns)      TNS(ns)  TNS Failing Endpoints  TNS Total Endpoints      WHS(ns)      THS(ns)  THS Failing Endpoints  THS Total Endpoints     WPWS(ns)     TPWS(ns)  TPWS Failing Endpoints  TPWS Total Endpoints  
-----             -------      -------  ---------------------  -------------------      -------      -------  ---------------------  -------------------     --------     --------  ----------------------  --------------------  
sys_clk_pin         0.935        0.000                      0                 1468        0.154        0.000                      0                 1468        4.500        0.000                       0                   713  


------------------------------------------------------------------------------------------------
| Inter Clock Table
| -----------------
------------------------------------------------------------------------------------------------

From Clock    To Clock          WNS(ns)      TNS(ns)  TNS Failing Endpoints  TNS Total Endpoints      WHS(ns)      THS(ns)  THS Failing Endpoints  THS Total Endpoints  
----------    --------          -------      -------  ---------------------  -------------------      -------      -------  ---------------------  -------------------  


------------------------------------------------------------------------------------------------
| Other Path Groups Table
| -----------------------
------------------------------------------------------------------------------------------------

Path Group    From Clock    To Clock          WNS(ns)      TNS(ns)  TNS Failing Endpoints  TNS Total Endpoints      WHS(ns)      THS(ns)  THS Failing Endpoints  THS Total Endpoints  
----------    ----------    --------          -------      -------  ---------------------  -------------------      -------      -------  ---------------------  -------------------  


------------------------------------------------------------------------------------------------
| User Ignored Path Table
| -----------------------
------------------------------------------------------------------------------------------------

Path Group    From Clock    To Clock    
----------    ----------    --------    


------------------------------------------------------------------------------------------------
| Unconstrained Path Table
| ------------------------
------------------------------------------------------------------------------------------------

Path Group    From Clock    To Clock    
----------    ----------    --------    
(none)                                    
(none)        sys_clk_pin                 
(none)                      sys_clk_pin   


------------------------------------------------------------------------------------------------
| Timing Details
| --------------
------------------------------------------------------------------------------------------------


---------------------------------------------------------------------------------------------------
From Clock:  sys_clk_pin
  To Clock:  sys_clk_pin

Setup :            0  Failing Endpoints,  Worst Slack        0.935ns,  Total Violation        0.000ns
Hold  :            0  Failing Endpoints,  Worst Slack        0.154ns,  Total Violation        0.000ns
PW    :            0  Failing Endpoints,  Worst Slack        4.500ns,  Total Violation        0.000ns
---------------------------------------------------------------------------------------------------


Max Delay Paths
--------------------------------------------------------------------------------------
Slack (MET) :             0.935ns  (required time - arrival time)
  Source:                 conunit/tstep/count_reg[1]/C
                            (rising edge-triggered cell FDRE clocked by sys_clk_pin  {rise@0.000ns fall@5.000ns period=10.000ns})
  Destination:            reg_bank/R6/out_reg[19]/CE
                            (falling edge-triggered cell FDRE clocked by sys_clk_pin  {rise@0.000ns fall@5.000ns period=10.000ns})
  Path Group:             sys_clk_pin
  Path Type:              Setup (Max at Slow Process Corner)
  Requirement:            5.000ns  (sys_clk_pin fall@5.000ns - sys_clk_pin rise@0.000ns)
  Data Path Delay:        3.557ns  (logic 0.632ns (17.767%)  route 2.925ns (82.233%))
  Logic Levels:           3  (LUT4=1 LUT6=2)
  Clock Path Skew:        -0.185ns (DCD - SCD + CPR)
    Destination Clock Delay (DCD):    3.912ns = ( 8.912 - 5.000 ) 
    Source Clock Delay      (SCD):    4.251ns
    Clock Pessimism Removal (CPR):    0.153ns
  Clock Uncertainty:      0.035ns  ((TSJ^2 + TIJ^2)^1/2 + DJ) / 2 + PE
    Total System Jitter     (TSJ):    0.071ns
    Total Input Jitter      (TIJ):    0.000ns
    Discrete Jitter          (DJ):    0.000ns
    Phase Error              (PE):    0.000ns

    Location             Delay type                Incr(ns)  Path(ns)    Netlist Resource(s)
  -------------------------------------------------------------------    -------------------
                         (clock sys_clk_pin rise edge)
                                                      0.000     0.000 r  
    E3                                                0.000     0.000 r  dclk (IN)
                         net (fo=0)                   0.000     0.000    dclk
    E3                   IBUF (Prop_ibuf_I_O)         1.330     1.330 r  dclk_IBUF_inst/O
                         net (fo=1, routed)           1.525     2.855    dclk_IBUF
    BUFGCTRL_X0Y16       BUFG (Prop_bufg_I_O)         0.076     2.931 r  dclk_IBUF_BUFG_inst/O
                         net (fo=712, routed)         1.319     4.251    conunit/tstep/CLK
    SLICE_X5Y90          FDRE                                         r  conunit/tstep/count_reg[1]/C
  -------------------------------------------------------------------    -------------------
    SLICE_X5Y90          FDRE (Prop_fdre_C_Q)         0.341     4.592 r  conunit/tstep/count_reg[1]/Q
                         net (fo=11, routed)          0.780     5.372    conunit/tstep/count_reg[1]_0
    SLICE_X3Y89          LUT6 (Prop_lut6_I1_O)        0.097     5.469 r  conunit/tstep/out[31]_i_10/O
                         net (fo=4, routed)           0.312     5.780    IR/sig__0[0]
    SLICE_X5Y88          LUT6 (Prop_lut6_I0_O)        0.097     5.877 r  IR/out[31]_i_5__0/O
                         net (fo=15, routed)          0.621     6.499    IR/reg_bank/wr[2]
    SLICE_X4Y89          LUT4 (Prop_lut4_I2_O)        0.097     6.596 r  IR/out[31]_i_1__6/O
                         net (fo=32, routed)          1.212     7.808    reg_bank/R6/decoded[0]
    SLICE_X11Y111        FDRE                                         r  reg_bank/R6/out_reg[19]/CE
  -------------------------------------------------------------------    -------------------

                         (clock sys_clk_pin fall edge)
                                                      5.000     5.000 f  
    E3                                                0.000     5.000 f  dclk (IN)
                         net (fo=0)                   0.000     5.000    dclk
    E3                   IBUF (Prop_ibuf_I_O)         1.263     6.263 f  dclk_IBUF_inst/O
                         net (fo=1, routed)           1.443     7.706    dclk_IBUF
    BUFGCTRL_X0Y16       BUFG (Prop_bufg_I_O)         0.072     7.778 f  dclk_IBUF_BUFG_inst/O
                         net (fo=712, routed)         1.134     8.912    reg_bank/R6/CLK
    SLICE_X11Y111        FDRE                                         r  reg_bank/R6/out_reg[19]/C  (IS_INVERTED)
                         clock pessimism              0.153     9.065    
                         clock uncertainty           -0.035     9.030    
    SLICE_X11Y111        FDRE (Setup_fdre_C_CE)      -0.287     8.743    reg_bank/R6/out_reg[19]
  -------------------------------------------------------------------
                         required time                          8.743    
                         arrival time                          -7.808    
  -------------------------------------------------------------------
                         slack                                  0.935    

Slack (MET) :             0.993ns  (required time - arrival time)
  Source:                 conunit/tstep/count_reg[1]/C
                            (rising edge-triggered cell FDRE clocked by sys_clk_pin  {rise@0.000ns fall@5.000ns period=10.000ns})
  Destination:            reg_bank/R7/out_reg[21]/CE
                            (falling edge-triggered cell FDRE clocked by sys_clk_pin  {rise@0.000ns fall@5.000ns period=10.000ns})
  Path Group:             sys_clk_pin
  Path Type:              Setup (Max at Slow Process Corner)
  Requirement:            5.000ns  (sys_clk_pin fall@5.000ns - sys_clk_pin rise@0.000ns)
  Data Path Delay:        3.501ns  (logic 0.636ns (18.167%)  route 2.865ns (81.833%))
  Logic Levels:           3  (LUT4=1 LUT6=2)
  Clock Path Skew:        -0.184ns (DCD - SCD + CPR)
    Destination Clock Delay (DCD):    3.913ns = ( 8.913 - 5.000 ) 
    Source Clock Delay      (SCD):    4.251ns
    Clock Pessimism Removal (CPR):    0.153ns
  Clock Uncertainty:      0.035ns  ((TSJ^2 + TIJ^2)^1/2 + DJ) / 2 + PE
    Total System Jitter     (TSJ):    0.071ns
    Total Input Jitter      (TIJ):    0.000ns
    Discrete Jitter          (DJ):    0.000ns
    Phase Error              (PE):    0.000ns

    Location             Delay type                Incr(ns)  Path(ns)    Netlist Resource(s)
  -------------------------------------------------------------------    -------------------
                         (clock sys_clk_pin rise edge)
                                                      0.000     0.000 r  
    E3                                                0.000     0.000 r  dclk (IN)
                         net (fo=0)                   0.000     0.000    dclk
    E3                   IBUF (Prop_ibuf_I_O)         1.330     1.330 r  dclk_IBUF_inst/O
                         net (fo=1, routed)           1.525     2.855    dclk_IBUF
    BUFGCTRL_X0Y16       BUFG (Prop_bufg_I_O)         0.076     2.931 r  dclk_IBUF_BUFG_inst/O
                         net (fo=712, routed)         1.319     4.251    conunit/tstep/CLK
    SLICE_X5Y90          FDRE                                         r  conunit/tstep/count_reg[1]/C
  -------------------------------------------------------------------    -------------------
    SLICE_X5Y90          FDRE (Prop_fdre_C_Q)         0.341     4.592 r  conunit/tstep/count_reg[1]/Q
                         net (fo=11, routed)          0.780     5.372    conunit/tstep/count_reg[1]_0
    SLICE_X3Y89          LUT6 (Prop_lut6_I1_O)        0.097     5.469 r  conunit/tstep/out[31]_i_10/O
                         net (fo=4, routed)           0.328     5.796    IR/sig__0[0]
    SLICE_X5Y89          LUT6 (Prop_lut6_I0_O)        0.097     5.893 r  IR/out[31]_i_4__0/O
                         net (fo=15, routed)          0.650     6.543    IR/reg_bank/wr[0]
    SLICE_X4Y91          LUT4 (Prop_lut4_I1_O)        0.101     6.644 r  IR/out[31]_i_1__12/O
                         net (fo=32, routed)          1.107     7.751    reg_bank/R7/decoded[0]
    SLICE_X13Y109        FDRE                                         r  reg_bank/R7/out_reg[21]/CE
  -------------------------------------------------------------------    -------------------

                         (clock sys_clk_pin fall edge)
                                                      5.000     5.000 f  
    E3                                                0.000     5.000 f  dclk (IN)
                         net (fo=0)                   0.000     5.000    dclk
    E3                   IBUF (Prop_ibuf_I_O)         1.263     6.263 f  dclk_IBUF_inst/O
                         net (fo=1, routed)           1.443     7.706    dclk_IBUF
    BUFGCTRL_X0Y16       BUFG (Prop_bufg_I_O)         0.072     7.778 f  dclk_IBUF_BUFG_inst/O
                         net (fo=712, routed)         1.135     8.913    reg_bank/R7/CLK
    SLICE_X13Y109        FDRE                                         r  reg_bank/R7/out_reg[21]/C  (IS_INVERTED)
                         clock pessimism              0.153     9.066    
                         clock uncertainty           -0.035     9.031    
    SLICE_X13Y109        FDRE (Setup_fdre_C_CE)      -0.287     8.744    reg_bank/R7/out_reg[21]
  -------------------------------------------------------------------
                         required time                          8.744    
                         arrival time                          -7.751    
  -------------------------------------------------------------------
                         slack                                  0.993    

Slack (MET) :             0.993ns  (required time - arrival time)
  Source:                 conunit/tstep/count_reg[1]/C
                            (rising edge-triggered cell FDRE clocked by sys_clk_pin  {rise@0.000ns fall@5.000ns period=10.000ns})
  Destination:            reg_bank/R7/out_reg[23]/CE
                            (falling edge-triggered cell FDRE clocked by sys_clk_pin  {rise@0.000ns fall@5.000ns period=10.000ns})
  Path Group:             sys_clk_pin
  Path Type:              Setup (Max at Slow Process Corner)
  Requirement:            5.000ns  (sys_clk_pin fall@5.000ns - sys_clk_pin rise@0.000ns)
  Data Path Delay:        3.501ns  (logic 0.636ns (18.167%)  route 2.865ns (81.833%))
  Logic Levels:           3  (LUT4=1 LUT6=2)
  Clock Path Skew:        -0.184ns (DCD - SCD + CPR)
    Destination Clock Delay (DCD):    3.913ns = ( 8.913 - 5.000 ) 
    Source Clock Delay      (SCD):    4.251ns
    Clock Pessimism Removal (CPR):    0.153ns
  Clock Uncertainty:      0.035ns  ((TSJ^2 + TIJ^2)^1/2 + DJ) / 2 + PE
    Total System Jitter     (TSJ):    0.071ns
    Total Input Jitter      (TIJ):    0.000ns
    Discrete Jitter          (DJ):    0.000ns
    Phase Error              (PE):    0.000ns

    Location             Delay type                Incr(ns)  Path(ns)    Netlist Resource(s)
  -------------------------------------------------------------------    -------------------
                         (clock sys_clk_pin rise edge)
                                                      0.000     0.000 r  
    E3                                                0.000     0.000 r  dclk (IN)
                         net (fo=0)                   0.000     0.000    dclk
    E3                   IBUF (Prop_ibuf_I_O)         1.330     1.330 r  dclk_IBUF_inst/O
                         net (fo=1, routed)           1.525     2.855    dclk_IBUF
    BUFGCTRL_X0Y16       BUFG (Prop_bufg_I_O)         0.076     2.931 r  dclk_IBUF_BUFG_inst/O
                         net (fo=712, routed)         1.319     4.251    conunit/tstep/CLK
    SLICE_X5Y90          FDRE                                         r  conunit/tstep/count_reg[1]/C
  -------------------------------------------------------------------    -------------------
    SLICE_X5Y90          FDRE (Prop_fdre_C_Q)         0.341     4.592 r  conunit/tstep/count_reg[1]/Q
                         net (fo=11, routed)          0.780     5.372    conunit/tstep/count_reg[1]_0
    SLICE_X3Y89          LUT6 (Prop_lut6_I1_O)        0.097     5.469 r  conunit/tstep/out[31]_i_10/O
                         net (fo=4, routed)           0.328     5.796    IR/sig__0[0]
    SLICE_X5Y89          LUT6 (Prop_lut6_I0_O)        0.097     5.893 r  IR/out[31]_i_4__0/O
                         net (fo=15, routed)          0.650     6.543    IR/reg_bank/wr[0]
    SLICE_X4Y91          LUT4 (Prop_lut4_I1_O)        0.101     6.644 r  IR/out[31]_i_1__12/O
                         net (fo=32, routed)          1.107     7.751    reg_bank/R7/decoded[0]
    SLICE_X13Y109        FDRE                                         r  reg_bank/R7/out_reg[23]/CE
  -------------------------------------------------------------------    -------------------

                         (clock sys_clk_pin fall edge)
                                                      5.000     5.000 f  
    E3                                                0.000     5.000 f  dclk (IN)
                         net (fo=0)                   0.000     5.000    dclk
    E3                   IBUF (Prop_ibuf_I_O)         1.263     6.263 f  dclk_IBUF_inst/O
                         net (fo=1, routed)           1.443     7.706    dclk_IBUF
    BUFGCTRL_X0Y16       BUFG (Prop_bufg_I_O)         0.072     7.778 f  dclk_IBUF_BUFG_inst/O
                         net (fo=712, routed)         1.135     8.913    reg_bank/R7/CLK
    SLICE_X13Y109        FDRE                                         r  reg_bank/R7/out_reg[23]/C  (IS_INVERTED)
                         clock pessimism              0.153     9.066    
                         clock uncertainty           -0.035     9.031    
    SLICE_X13Y109        FDRE (Setup_fdre_C_CE)      -0.287     8.744    reg_bank/R7/out_reg[23]
  -------------------------------------------------------------------
                         required time                          8.744    
                         arrival time                          -7.751    
  -------------------------------------------------------------------
                         slack                                  0.993    

Slack (MET) :             0.993ns  (required time - arrival time)
  Source:                 conunit/tstep/count_reg[1]/C
                            (rising edge-triggered cell FDRE clocked by sys_clk_pin  {rise@0.000ns fall@5.000ns period=10.000ns})
  Destination:            reg_bank/R7/out_reg[26]/CE
                            (falling edge-triggered cell FDRE clocked by sys_clk_pin  {rise@0.000ns fall@5.000ns period=10.000ns})
  Path Group:             sys_clk_pin
  Path Type:              Setup (Max at Slow Process Corner)
  Requirement:            5.000ns  (sys_clk_pin fall@5.000ns - sys_clk_pin rise@0.000ns)
  Data Path Delay:        3.501ns  (logic 0.636ns (18.167%)  route 2.865ns (81.833%))
  Logic Levels:           3  (LUT4=1 LUT6=2)
  Clock Path Skew:        -0.184ns (DCD - SCD + CPR)
    Destination Clock Delay (DCD):    3.913ns = ( 8.913 - 5.000 ) 
    Source Clock Delay      (SCD):    4.251ns
    Clock Pessimism Removal (CPR):    0.153ns
  Clock Uncertainty:      0.035ns  ((TSJ^2 + TIJ^2)^1/2 + DJ) / 2 + PE
    Total System Jitter     (TSJ):    0.071ns
    Total Input Jitter      (TIJ):    0.000ns
    Discrete Jitter          (DJ):    0.000ns
    Phase Error              (PE):    0.000ns

    Location             Delay type                Incr(ns)  Path(ns)    Netlist Resource(s)
  -------------------------------------------------------------------    -------------------
                         (clock sys_clk_pin rise edge)
                                                      0.000     0.000 r  
    E3                                                0.000     0.000 r  dclk (IN)
                         net (fo=0)                   0.000     0.000    dclk
    E3                   IBUF (Prop_ibuf_I_O)         1.330     1.330 r  dclk_IBUF_inst/O
                         net (fo=1, routed)           1.525     2.855    dclk_IBUF
    BUFGCTRL_X0Y16       BUFG (Prop_bufg_I_O)         0.076     2.931 r  dclk_IBUF_BUFG_inst/O
                         net (fo=712, routed)         1.319     4.251    conunit/tstep/CLK
    SLICE_X5Y90          FDRE                                         r  conunit/tstep/count_reg[1]/C
  -------------------------------------------------------------------    -------------------
    SLICE_X5Y90          FDRE (Prop_fdre_C_Q)         0.341     4.592 r  conunit/tstep/count_reg[1]/Q
                         net (fo=11, routed)          0.780     5.372    conunit/tstep/count_reg[1]_0
    SLICE_X3Y89          LUT6 (Prop_lut6_I1_O)        0.097     5.469 r  conunit/tstep/out[31]_i_10/O
                         net (fo=4, routed)           0.328     5.796    IR/sig__0[0]
    SLICE_X5Y89          LUT6 (Prop_lut6_I0_O)        0.097     5.893 r  IR/out[31]_i_4__0/O
                         net (fo=15, routed)          0.650     6.543    IR/reg_bank/wr[0]
    SLICE_X4Y91          LUT4 (Prop_lut4_I1_O)        0.101     6.644 r  IR/out[31]_i_1__12/O
                         net (fo=32, routed)          1.107     7.751    reg_bank/R7/decoded[0]
    SLICE_X13Y109        FDRE                                         r  reg_bank/R7/out_reg[26]/CE
  -------------------------------------------------------------------    -------------------

                         (clock sys_clk_pin fall edge)
                                                      5.000     5.000 f  
    E3                                                0.000     5.000 f  dclk (IN)
                         net (fo=0)                   0.000     5.000    dclk
    E3                   IBUF (Prop_ibuf_I_O)         1.263     6.263 f  dclk_IBUF_inst/O
                         net (fo=1, routed)           1.443     7.706    dclk_IBUF
    BUFGCTRL_X0Y16       BUFG (Prop_bufg_I_O)         0.072     7.778 f  dclk_IBUF_BUFG_inst/O
                         net (fo=712, routed)         1.135     8.913    reg_bank/R7/CLK
    SLICE_X13Y109        FDRE                                         r  reg_bank/R7/out_reg[26]/C  (IS_INVERTED)
                         clock pessimism              0.153     9.066    
                         clock uncertainty           -0.035     9.031    
    SLICE_X13Y109        FDRE (Setup_fdre_C_CE)      -0.287     8.744    reg_bank/R7/out_reg[26]
  -------------------------------------------------------------------
                         required time                          8.744    
                         arrival time                          -7.751    
  -------------------------------------------------------------------
                         slack                                  0.993    

Slack (MET) :             0.993ns  (required time - arrival time)
  Source:                 conunit/tstep/count_reg[1]/C
                            (rising edge-triggered cell FDRE clocked by sys_clk_pin  {rise@0.000ns fall@5.000ns period=10.000ns})
  Destination:            reg_bank/R7/out_reg[28]/CE
                            (falling edge-triggered cell FDRE clocked by sys_clk_pin  {rise@0.000ns fall@5.000ns period=10.000ns})
  Path Group:             sys_clk_pin
  Path Type:              Setup (Max at Slow Process Corner)
  Requirement:            5.000ns  (sys_clk_pin fall@5.000ns - sys_clk_pin rise@0.000ns)
  Data Path Delay:        3.501ns  (logic 0.636ns (18.167%)  route 2.865ns (81.833%))
  Logic Levels:           3  (LUT4=1 LUT6=2)
  Clock Path Skew:        -0.184ns (DCD - SCD + CPR)
    Destination Clock Delay (DCD):    3.913ns = ( 8.913 - 5.000 ) 
    Source Clock Delay      (SCD):    4.251ns
    Clock Pessimism Removal (CPR):    0.153ns
  Clock Uncertainty:      0.035ns  ((TSJ^2 + TIJ^2)^1/2 + DJ) / 2 + PE
    Total System Jitter     (TSJ):    0.071ns
    Total Input Jitter      (TIJ):    0.000ns
    Discrete Jitter          (DJ):    0.000ns
    Phase Error              (PE):    0.000ns

    Location             Delay type                Incr(ns)  Path(ns)    Netlist Resource(s)
  -------------------------------------------------------------------    -------------------
                         (clock sys_clk_pin rise edge)
                                                      0.000     0.000 r  
    E3                                                0.000     0.000 r  dclk (IN)
                         net (fo=0)                   0.000     0.000    dclk
    E3                   IBUF (Prop_ibuf_I_O)         1.330     1.330 r  dclk_IBUF_inst/O
                         net (fo=1, routed)           1.525     2.855    dclk_IBUF
    BUFGCTRL_X0Y16       BUFG (Prop_bufg_I_O)         0.076     2.931 r  dclk_IBUF_BUFG_inst/O
                         net (fo=712, routed)         1.319     4.251    conunit/tstep/CLK
    SLICE_X5Y90          FDRE                                         r  conunit/tstep/count_reg[1]/C
  -------------------------------------------------------------------    -------------------
    SLICE_X5Y90          FDRE (Prop_fdre_C_Q)         0.341     4.592 r  conunit/tstep/count_reg[1]/Q
                         net (fo=11, routed)          0.780     5.372    conunit/tstep/count_reg[1]_0
    SLICE_X3Y89          LUT6 (Prop_lut6_I1_O)        0.097     5.469 r  conunit/tstep/out[31]_i_10/O
                         net (fo=4, routed)           0.328     5.796    IR/sig__0[0]
    SLICE_X5Y89          LUT6 (Prop_lut6_I0_O)        0.097     5.893 r  IR/out[31]_i_4__0/O
                         net (fo=15, routed)          0.650     6.543    IR/reg_bank/wr[0]
    SLICE_X4Y91          LUT4 (Prop_lut4_I1_O)        0.101     6.644 r  IR/out[31]_i_1__12/O
                         net (fo=32, routed)          1.107     7.751    reg_bank/R7/decoded[0]
    SLICE_X13Y109        FDRE                                         r  reg_bank/R7/out_reg[28]/CE
  -------------------------------------------------------------------    -------------------

                         (clock sys_clk_pin fall edge)
                                                      5.000     5.000 f  
    E3                                                0.000     5.000 f  dclk (IN)
                         net (fo=0)                   0.000     5.000    dclk
    E3                   IBUF (Prop_ibuf_I_O)         1.263     6.263 f  dclk_IBUF_inst/O
                         net (fo=1, routed)           1.443     7.706    dclk_IBUF
    BUFGCTRL_X0Y16       BUFG (Prop_bufg_I_O)         0.072     7.778 f  dclk_IBUF_BUFG_inst/O
                         net (fo=712, routed)         1.135     8.913    reg_bank/R7/CLK
    SLICE_X13Y109        FDRE                                         r  reg_bank/R7/out_reg[28]/C  (IS_INVERTED)
                         clock pessimism              0.153     9.066    
                         clock uncertainty           -0.035     9.031    
    SLICE_X13Y109        FDRE (Setup_fdre_C_CE)      -0.287     8.744    reg_bank/R7/out_reg[28]
  -------------------------------------------------------------------
                         required time                          8.744    
                         arrival time                          -7.751    
  -------------------------------------------------------------------
                         slack                                  0.993    

Slack (MET) :             0.993ns  (required time - arrival time)
  Source:                 conunit/tstep/count_reg[1]/C
                            (rising edge-triggered cell FDRE clocked by sys_clk_pin  {rise@0.000ns fall@5.000ns period=10.000ns})
  Destination:            reg_bank/R7/out_reg[30]/CE
                            (falling edge-triggered cell FDRE clocked by sys_clk_pin  {rise@0.000ns fall@5.000ns period=10.000ns})
  Path Group:             sys_clk_pin
  Path Type:              Setup (Max at Slow Process Corner)
  Requirement:            5.000ns  (sys_clk_pin fall@5.000ns - sys_clk_pin rise@0.000ns)
  Data Path Delay:        3.501ns  (logic 0.636ns (18.167%)  route 2.865ns (81.833%))
  Logic Levels:           3  (LUT4=1 LUT6=2)
  Clock Path Skew:        -0.184ns (DCD - SCD + CPR)
    Destination Clock Delay (DCD):    3.913ns = ( 8.913 - 5.000 ) 
    Source Clock Delay      (SCD):    4.251ns
    Clock Pessimism Removal (CPR):    0.153ns
  Clock Uncertainty:      0.035ns  ((TSJ^2 + TIJ^2)^1/2 + DJ) / 2 + PE
    Total System Jitter     (TSJ):    0.071ns
    Total Input Jitter      (TIJ):    0.000ns
    Discrete Jitter          (DJ):    0.000ns
    Phase Error              (PE):    0.000ns

    Location             Delay type                Incr(ns)  Path(ns)    Netlist Resource(s)
  -------------------------------------------------------------------    -------------------
                         (clock sys_clk_pin rise edge)
                                                      0.000     0.000 r  
    E3                                                0.000     0.000 r  dclk (IN)
                         net (fo=0)                   0.000     0.000    dclk
    E3                   IBUF (Prop_ibuf_I_O)         1.330     1.330 r  dclk_IBUF_inst/O
                         net (fo=1, routed)           1.525     2.855    dclk_IBUF
    BUFGCTRL_X0Y16       BUFG (Prop_bufg_I_O)         0.076     2.931 r  dclk_IBUF_BUFG_inst/O
                         net (fo=712, routed)         1.319     4.251    conunit/tstep/CLK
    SLICE_X5Y90          FDRE                                         r  conunit/tstep/count_reg[1]/C
  -------------------------------------------------------------------    -------------------
    SLICE_X5Y90          FDRE (Prop_fdre_C_Q)         0.341     4.592 r  conunit/tstep/count_reg[1]/Q
                         net (fo=11, routed)          0.780     5.372    conunit/tstep/count_reg[1]_0
    SLICE_X3Y89          LUT6 (Prop_lut6_I1_O)        0.097     5.469 r  conunit/tstep/out[31]_i_10/O
                         net (fo=4, routed)           0.328     5.796    IR/sig__0[0]
    SLICE_X5Y89          LUT6 (Prop_lut6_I0_O)        0.097     5.893 r  IR/out[31]_i_4__0/O
                         net (fo=15, routed)          0.650     6.543    IR/reg_bank/wr[0]
    SLICE_X4Y91          LUT4 (Prop_lut4_I1_O)        0.101     6.644 r  IR/out[31]_i_1__12/O
                         net (fo=32, routed)          1.107     7.751    reg_bank/R7/decoded[0]
    SLICE_X13Y109        FDRE                                         r  reg_bank/R7/out_reg[30]/CE
  -------------------------------------------------------------------    -------------------

                         (clock sys_clk_pin fall edge)
                                                      5.000     5.000 f  
    E3                                                0.000     5.000 f  dclk (IN)
                         net (fo=0)                   0.000     5.000    dclk
    E3                   IBUF (Prop_ibuf_I_O)         1.263     6.263 f  dclk_IBUF_inst/O
                         net (fo=1, routed)           1.443     7.706    dclk_IBUF
    BUFGCTRL_X0Y16       BUFG (Prop_bufg_I_O)         0.072     7.778 f  dclk_IBUF_BUFG_inst/O
                         net (fo=712, routed)         1.135     8.913    reg_bank/R7/CLK
    SLICE_X13Y109        FDRE                                         r  reg_bank/R7/out_reg[30]/C  (IS_INVERTED)
                         clock pessimism              0.153     9.066    
                         clock uncertainty           -0.035     9.031    
    SLICE_X13Y109        FDRE (Setup_fdre_C_CE)      -0.287     8.744    reg_bank/R7/out_reg[30]
  -------------------------------------------------------------------
                         required time                          8.744    
                         arrival time                          -7.751    
  -------------------------------------------------------------------
                         slack                                  0.993    

Slack (MET) :             1.018ns  (required time - arrival time)
  Source:                 conunit/tstep/count_reg[1]/C
                            (rising edge-triggered cell FDRE clocked by sys_clk_pin  {rise@0.000ns fall@5.000ns period=10.000ns})
  Destination:            reg_bank/R6/out_reg[29]/CE
                            (falling edge-triggered cell FDRE clocked by sys_clk_pin  {rise@0.000ns fall@5.000ns period=10.000ns})
  Path Group:             sys_clk_pin
  Path Type:              Setup (Max at Slow Process Corner)
  Requirement:            5.000ns  (sys_clk_pin fall@5.000ns - sys_clk_pin rise@0.000ns)
  Data Path Delay:        3.473ns  (logic 0.632ns (18.196%)  route 2.841ns (81.804%))
  Logic Levels:           3  (LUT4=1 LUT6=2)
  Clock Path Skew:        -0.186ns (DCD - SCD + CPR)
    Destination Clock Delay (DCD):    3.911ns = ( 8.911 - 5.000 ) 
    Source Clock Delay      (SCD):    4.251ns
    Clock Pessimism Removal (CPR):    0.153ns
  Clock Uncertainty:      0.035ns  ((TSJ^2 + TIJ^2)^1/2 + DJ) / 2 + PE
    Total System Jitter     (TSJ):    0.071ns
    Total Input Jitter      (TIJ):    0.000ns
    Discrete Jitter          (DJ):    0.000ns
    Phase Error              (PE):    0.000ns

    Location             Delay type                Incr(ns)  Path(ns)    Netlist Resource(s)
  -------------------------------------------------------------------    -------------------
                         (clock sys_clk_pin rise edge)
                                                      0.000     0.000 r  
    E3                                                0.000     0.000 r  dclk (IN)
                         net (fo=0)                   0.000     0.000    dclk
    E3                   IBUF (Prop_ibuf_I_O)         1.330     1.330 r  dclk_IBUF_inst/O
                         net (fo=1, routed)           1.525     2.855    dclk_IBUF
    BUFGCTRL_X0Y16       BUFG (Prop_bufg_I_O)         0.076     2.931 r  dclk_IBUF_BUFG_inst/O
                         net (fo=712, routed)         1.319     4.251    conunit/tstep/CLK
    SLICE_X5Y90          FDRE                                         r  conunit/tstep/count_reg[1]/C
  -------------------------------------------------------------------    -------------------
    SLICE_X5Y90          FDRE (Prop_fdre_C_Q)         0.341     4.592 r  conunit/tstep/count_reg[1]/Q
                         net (fo=11, routed)          0.780     5.372    conunit/tstep/count_reg[1]_0
    SLICE_X3Y89          LUT6 (Prop_lut6_I1_O)        0.097     5.469 r  conunit/tstep/out[31]_i_10/O
                         net (fo=4, routed)           0.312     5.780    IR/sig__0[0]
    SLICE_X5Y88          LUT6 (Prop_lut6_I0_O)        0.097     5.877 r  IR/out[31]_i_5__0/O
                         net (fo=15, routed)          0.621     6.499    IR/reg_bank/wr[2]
    SLICE_X4Y89          LUT4 (Prop_lut4_I2_O)        0.097     6.596 r  IR/out[31]_i_1__6/O
                         net (fo=32, routed)          1.128     7.724    reg_bank/R6/decoded[0]
    SLICE_X9Y112         FDRE                                         r  reg_bank/R6/out_reg[29]/CE
  -------------------------------------------------------------------    -------------------

                         (clock sys_clk_pin fall edge)
                                                      5.000     5.000 f  
    E3                                                0.000     5.000 f  dclk (IN)
                         net (fo=0)                   0.000     5.000    dclk
    E3                   IBUF (Prop_ibuf_I_O)         1.263     6.263 f  dclk_IBUF_inst/O
                         net (fo=1, routed)           1.443     7.706    dclk_IBUF
    BUFGCTRL_X0Y16       BUFG (Prop_bufg_I_O)         0.072     7.778 f  dclk_IBUF_BUFG_inst/O
                         net (fo=712, routed)         1.133     8.911    reg_bank/R6/CLK
    SLICE_X9Y112         FDRE                                         r  reg_bank/R6/out_reg[29]/C  (IS_INVERTED)
                         clock pessimism              0.153     9.064    
                         clock uncertainty           -0.035     9.029    
    SLICE_X9Y112         FDRE (Setup_fdre_C_CE)      -0.287     8.742    reg_bank/R6/out_reg[29]
  -------------------------------------------------------------------
                         required time                          8.742    
                         arrival time                          -7.724    
  -------------------------------------------------------------------
                         slack                                  1.018    

Slack (MET) :             1.018ns  (required time - arrival time)
  Source:                 conunit/tstep/count_reg[1]/C
                            (rising edge-triggered cell FDRE clocked by sys_clk_pin  {rise@0.000ns fall@5.000ns period=10.000ns})
  Destination:            reg_bank/R6/out_reg[31]/CE
                            (falling edge-triggered cell FDRE clocked by sys_clk_pin  {rise@0.000ns fall@5.000ns period=10.000ns})
  Path Group:             sys_clk_pin
  Path Type:              Setup (Max at Slow Process Corner)
  Requirement:            5.000ns  (sys_clk_pin fall@5.000ns - sys_clk_pin rise@0.000ns)
  Data Path Delay:        3.473ns  (logic 0.632ns (18.196%)  route 2.841ns (81.804%))
  Logic Levels:           3  (LUT4=1 LUT6=2)
  Clock Path Skew:        -0.186ns (DCD - SCD + CPR)
    Destination Clock Delay (DCD):    3.911ns = ( 8.911 - 5.000 ) 
    Source Clock Delay      (SCD):    4.251ns
    Clock Pessimism Removal (CPR):    0.153ns
  Clock Uncertainty:      0.035ns  ((TSJ^2 + TIJ^2)^1/2 + DJ) / 2 + PE
    Total System Jitter     (TSJ):    0.071ns
    Total Input Jitter      (TIJ):    0.000ns
    Discrete Jitter          (DJ):    0.000ns
    Phase Error              (PE):    0.000ns

    Location             Delay type                Incr(ns)  Path(ns)    Netlist Resource(s)
  -------------------------------------------------------------------    -------------------
                         (clock sys_clk_pin rise edge)
                                                      0.000     0.000 r  
    E3                                                0.000     0.000 r  dclk (IN)
                         net (fo=0)                   0.000     0.000    dclk
    E3                   IBUF (Prop_ibuf_I_O)         1.330     1.330 r  dclk_IBUF_inst/O
                         net (fo=1, routed)           1.525     2.855    dclk_IBUF
    BUFGCTRL_X0Y16       BUFG (Prop_bufg_I_O)         0.076     2.931 r  dclk_IBUF_BUFG_inst/O
                         net (fo=712, routed)         1.319     4.251    conunit/tstep/CLK
    SLICE_X5Y90          FDRE                                         r  conunit/tstep/count_reg[1]/C
  -------------------------------------------------------------------    -------------------
    SLICE_X5Y90          FDRE (Prop_fdre_C_Q)         0.341     4.592 r  conunit/tstep/count_reg[1]/Q
                         net (fo=11, routed)          0.780     5.372    conunit/tstep/count_reg[1]_0
    SLICE_X3Y89          LUT6 (Prop_lut6_I1_O)        0.097     5.469 r  conunit/tstep/out[31]_i_10/O
                         net (fo=4, routed)           0.312     5.780    IR/sig__0[0]
    SLICE_X5Y88          LUT6 (Prop_lut6_I0_O)        0.097     5.877 r  IR/out[31]_i_5__0/O
                         net (fo=15, routed)          0.621     6.499    IR/reg_bank/wr[2]
    SLICE_X4Y89          LUT4 (Prop_lut4_I2_O)        0.097     6.596 r  IR/out[31]_i_1__6/O
                         net (fo=32, routed)          1.128     7.724    reg_bank/R6/decoded[0]
    SLICE_X9Y112         FDRE                                         r  reg_bank/R6/out_reg[31]/CE
  -------------------------------------------------------------------    -------------------

                         (clock sys_clk_pin fall edge)
                                                      5.000     5.000 f  
    E3                                                0.000     5.000 f  dclk (IN)
                         net (fo=0)                   0.000     5.000    dclk
    E3                   IBUF (Prop_ibuf_I_O)         1.263     6.263 f  dclk_IBUF_inst/O
                         net (fo=1, routed)           1.443     7.706    dclk_IBUF
    BUFGCTRL_X0Y16       BUFG (Prop_bufg_I_O)         0.072     7.778 f  dclk_IBUF_BUFG_inst/O
                         net (fo=712, routed)         1.133     8.911    reg_bank/R6/CLK
    SLICE_X9Y112         FDRE                                         r  reg_bank/R6/out_reg[31]/C  (IS_INVERTED)
                         clock pessimism              0.153     9.064    
                         clock uncertainty           -0.035     9.029    
    SLICE_X9Y112         FDRE (Setup_fdre_C_CE)      -0.287     8.742    reg_bank/R6/out_reg[31]
  -------------------------------------------------------------------
                         required time                          8.742    
                         arrival time                          -7.724    
  -------------------------------------------------------------------
                         slack                                  1.018    

Slack (MET) :             1.026ns  (required time - arrival time)
  Source:                 conunit/tstep/count_reg[1]/C
                            (rising edge-triggered cell FDRE clocked by sys_clk_pin  {rise@0.000ns fall@5.000ns period=10.000ns})
  Destination:            reg_bank/R6/out_reg[23]/CE
                            (falling edge-triggered cell FDRE clocked by sys_clk_pin  {rise@0.000ns fall@5.000ns period=10.000ns})
  Path Group:             sys_clk_pin
  Path Type:              Setup (Max at Slow Process Corner)
  Requirement:            5.000ns  (sys_clk_pin fall@5.000ns - sys_clk_pin rise@0.000ns)
  Data Path Delay:        3.465ns  (logic 0.632ns (18.239%)  route 2.833ns (81.761%))
  Logic Levels:           3  (LUT4=1 LUT6=2)
  Clock Path Skew:        -0.186ns (DCD - SCD + CPR)
    Destination Clock Delay (DCD):    3.911ns = ( 8.911 - 5.000 ) 
    Source Clock Delay      (SCD):    4.251ns
    Clock Pessimism Removal (CPR):    0.153ns
  Clock Uncertainty:      0.035ns  ((TSJ^2 + TIJ^2)^1/2 + DJ) / 2 + PE
    Total System Jitter     (TSJ):    0.071ns
    Total Input Jitter      (TIJ):    0.000ns
    Discrete Jitter          (DJ):    0.000ns
    Phase Error              (PE):    0.000ns

    Location             Delay type                Incr(ns)  Path(ns)    Netlist Resource(s)
  -------------------------------------------------------------------    -------------------
                         (clock sys_clk_pin rise edge)
                                                      0.000     0.000 r  
    E3                                                0.000     0.000 r  dclk (IN)
                         net (fo=0)                   0.000     0.000    dclk
    E3                   IBUF (Prop_ibuf_I_O)         1.330     1.330 r  dclk_IBUF_inst/O
                         net (fo=1, routed)           1.525     2.855    dclk_IBUF
    BUFGCTRL_X0Y16       BUFG (Prop_bufg_I_O)         0.076     2.931 r  dclk_IBUF_BUFG_inst/O
                         net (fo=712, routed)         1.319     4.251    conunit/tstep/CLK
    SLICE_X5Y90          FDRE                                         r  conunit/tstep/count_reg[1]/C
  -------------------------------------------------------------------    -------------------
    SLICE_X5Y90          FDRE (Prop_fdre_C_Q)         0.341     4.592 r  conunit/tstep/count_reg[1]/Q
                         net (fo=11, routed)          0.780     5.372    conunit/tstep/count_reg[1]_0
    SLICE_X3Y89          LUT6 (Prop_lut6_I1_O)        0.097     5.469 r  conunit/tstep/out[31]_i_10/O
                         net (fo=4, routed)           0.312     5.780    IR/sig__0[0]
    SLICE_X5Y88          LUT6 (Prop_lut6_I0_O)        0.097     5.877 r  IR/out[31]_i_5__0/O
                         net (fo=15, routed)          0.621     6.499    IR/reg_bank/wr[2]
    SLICE_X4Y89          LUT4 (Prop_lut4_I2_O)        0.097     6.596 r  IR/out[31]_i_1__6/O
                         net (fo=32, routed)          1.120     7.716    reg_bank/R6/decoded[0]
    SLICE_X13Y111        FDRE                                         r  reg_bank/R6/out_reg[23]/CE
  -------------------------------------------------------------------    -------------------

                         (clock sys_clk_pin fall edge)
                                                      5.000     5.000 f  
    E3                                                0.000     5.000 f  dclk (IN)
                         net (fo=0)                   0.000     5.000    dclk
    E3                   IBUF (Prop_ibuf_I_O)         1.263     6.263 f  dclk_IBUF_inst/O
                         net (fo=1, routed)           1.443     7.706    dclk_IBUF
    BUFGCTRL_X0Y16       BUFG (Prop_bufg_I_O)         0.072     7.778 f  dclk_IBUF_BUFG_inst/O
                         net (fo=712, routed)         1.133     8.911    reg_bank/R6/CLK
    SLICE_X13Y111        FDRE                                         r  reg_bank/R6/out_reg[23]/C  (IS_INVERTED)
                         clock pessimism              0.153     9.064    
                         clock uncertainty           -0.035     9.029    
    SLICE_X13Y111        FDRE (Setup_fdre_C_CE)      -0.287     8.742    reg_bank/R6/out_reg[23]
  -------------------------------------------------------------------
                         required time                          8.742    
                         arrival time                          -7.716    
  -------------------------------------------------------------------
                         slack                                  1.026    

Slack (MET) :             1.026ns  (required time - arrival time)
  Source:                 conunit/tstep/count_reg[1]/C
                            (rising edge-triggered cell FDRE clocked by sys_clk_pin  {rise@0.000ns fall@5.000ns period=10.000ns})
  Destination:            reg_bank/R6/out_reg[30]/CE
                            (falling edge-triggered cell FDRE clocked by sys_clk_pin  {rise@0.000ns fall@5.000ns period=10.000ns})
  Path Group:             sys_clk_pin
  Path Type:              Setup (Max at Slow Process Corner)
  Requirement:            5.000ns  (sys_clk_pin fall@5.000ns - sys_clk_pin rise@0.000ns)
  Data Path Delay:        3.465ns  (logic 0.632ns (18.239%)  route 2.833ns (81.761%))
  Logic Levels:           3  (LUT4=1 LUT6=2)
  Clock Path Skew:        -0.186ns (DCD - SCD + CPR)
    Destination Clock Delay (DCD):    3.911ns = ( 8.911 - 5.000 ) 
    Source Clock Delay      (SCD):    4.251ns
    Clock Pessimism Removal (CPR):    0.153ns
  Clock Uncertainty:      0.035ns  ((TSJ^2 + TIJ^2)^1/2 + DJ) / 2 + PE
    Total System Jitter     (TSJ):    0.071ns
    Total Input Jitter      (TIJ):    0.000ns
    Discrete Jitter          (DJ):    0.000ns
    Phase Error              (PE):    0.000ns

    Location             Delay type                Incr(ns)  Path(ns)    Netlist Resource(s)
  -------------------------------------------------------------------    -------------------
                         (clock sys_clk_pin rise edge)
                                                      0.000     0.000 r  
    E3                                                0.000     0.000 r  dclk (IN)
                         net (fo=0)                   0.000     0.000    dclk
    E3                   IBUF (Prop_ibuf_I_O)         1.330     1.330 r  dclk_IBUF_inst/O
                         net (fo=1, routed)           1.525     2.855    dclk_IBUF
    BUFGCTRL_X0Y16       BUFG (Prop_bufg_I_O)         0.076     2.931 r  dclk_IBUF_BUFG_inst/O
                         net (fo=712, routed)         1.319     4.251    conunit/tstep/CLK
    SLICE_X5Y90          FDRE                                         r  conunit/tstep/count_reg[1]/C
  -------------------------------------------------------------------    -------------------
    SLICE_X5Y90          FDRE (Prop_fdre_C_Q)         0.341     4.592 r  conunit/tstep/count_reg[1]/Q
                         net (fo=11, routed)          0.780     5.372    conunit/tstep/count_reg[1]_0
    SLICE_X3Y89          LUT6 (Prop_lut6_I1_O)        0.097     5.469 r  conunit/tstep/out[31]_i_10/O
                         net (fo=4, routed)           0.312     5.780    IR/sig__0[0]
    SLICE_X5Y88          LUT6 (Prop_lut6_I0_O)        0.097     5.877 r  IR/out[31]_i_5__0/O
                         net (fo=15, routed)          0.621     6.499    IR/reg_bank/wr[2]
    SLICE_X4Y89          LUT4 (Prop_lut4_I2_O)        0.097     6.596 r  IR/out[31]_i_1__6/O
                         net (fo=32, routed)          1.120     7.716    reg_bank/R6/decoded[0]
    SLICE_X13Y111        FDRE                                         r  reg_bank/R6/out_reg[30]/CE
  -------------------------------------------------------------------    -------------------

                         (clock sys_clk_pin fall edge)
                                                      5.000     5.000 f  
    E3                                                0.000     5.000 f  dclk (IN)
                         net (fo=0)                   0.000     5.000    dclk
    E3                   IBUF (Prop_ibuf_I_O)         1.263     6.263 f  dclk_IBUF_inst/O
                         net (fo=1, routed)           1.443     7.706    dclk_IBUF
    BUFGCTRL_X0Y16       BUFG (Prop_bufg_I_O)         0.072     7.778 f  dclk_IBUF_BUFG_inst/O
                         net (fo=712, routed)         1.133     8.911    reg_bank/R6/CLK
    SLICE_X13Y111        FDRE                                         r  reg_bank/R6/out_reg[30]/C  (IS_INVERTED)
                         clock pessimism              0.153     9.064    
                         clock uncertainty           -0.035     9.029    
    SLICE_X13Y111        FDRE (Setup_fdre_C_CE)      -0.287     8.742    reg_bank/R6/out_reg[30]
  -------------------------------------------------------------------
                         required time                          8.742    
                         arrival time                          -7.716    
  -------------------------------------------------------------------
                         slack                                  1.026    





Min Delay Paths
--------------------------------------------------------------------------------------
Slack (MET) :             0.154ns  (arrival time - required time)
  Source:                 PC/out_reg[12]/C
                            (falling edge-triggered cell FDRE clocked by sys_clk_pin  {rise@0.000ns fall@5.000ns period=10.000ns})
  Destination:            NPC/out_reg[14]/D
                            (falling edge-triggered cell FDRE clocked by sys_clk_pin  {rise@0.000ns fall@5.000ns period=10.000ns})
  Path Group:             sys_clk_pin
  Path Type:              Hold (Min at Fast Process Corner)
  Requirement:            0.000ns  (sys_clk_pin fall@5.000ns - sys_clk_pin fall@5.000ns)
  Data Path Delay:        0.302ns  (logic 0.194ns (64.148%)  route 0.108ns (35.852%))
  Logic Levels:           1  (LUT4=1)
  Clock Path Skew:        0.013ns (DCD - SCD - CPR)
    Destination Clock Delay (DCD):    2.037ns = ( 7.037 - 5.000 ) 
    Source Clock Delay      (SCD):    1.518ns = ( 6.518 - 5.000 ) 
    Clock Pessimism Removal (CPR):    0.505ns

    Location             Delay type                Incr(ns)  Path(ns)    Netlist Resource(s)
  -------------------------------------------------------------------    -------------------
                         (clock sys_clk_pin fall edge)
                                                      5.000     5.000 f  
    E3                                                0.000     5.000 f  dclk (IN)
                         net (fo=0)                   0.000     5.000    dclk
    E3                   IBUF (Prop_ibuf_I_O)         0.250     5.250 f  dclk_IBUF_inst/O
                         net (fo=1, routed)           0.644     5.894    dclk_IBUF
    BUFGCTRL_X0Y16       BUFG (Prop_bufg_I_O)         0.026     5.920 f  dclk_IBUF_BUFG_inst/O
                         net (fo=712, routed)         0.599     6.518    PC/CLK
    SLICE_X3Y100         FDRE                                         r  PC/out_reg[12]/C  (IS_INVERTED)
  -------------------------------------------------------------------    -------------------
    SLICE_X3Y100         FDRE (Prop_fdre_C_Q)         0.146     6.664 r  PC/out_reg[12]/Q
                         net (fo=6, routed)           0.108     6.773    PC/pc[12]
    SLICE_X2Y100         LUT4 (Prop_lut4_I0_O)        0.048     6.821 r  PC/out[14]_i_1__1/O
                         net (fo=1, routed)           0.000     6.821    NPC/D[14]
    SLICE_X2Y100         FDRE                                         r  NPC/out_reg[14]/D
  -------------------------------------------------------------------    -------------------

                         (clock sys_clk_pin fall edge)
                                                      5.000     5.000 f  
    E3                                                0.000     5.000 f  dclk (IN)
                         net (fo=0)                   0.000     5.000    dclk
    E3                   IBUF (Prop_ibuf_I_O)         0.438     5.438 f  dclk_IBUF_inst/O
                         net (fo=1, routed)           0.699     6.136    dclk_IBUF
    BUFGCTRL_X0Y16       BUFG (Prop_bufg_I_O)         0.029     6.165 f  dclk_IBUF_BUFG_inst/O
                         net (fo=712, routed)         0.872     7.037    NPC/CLK
    SLICE_X2Y100         FDRE                                         r  NPC/out_reg[14]/C  (IS_INVERTED)
                         clock pessimism             -0.505     6.531    
    SLICE_X2Y100         FDRE (Hold_fdre_C_D)         0.135     6.666    NPC/out_reg[14]
  -------------------------------------------------------------------
                         required time                         -6.666    
                         arrival time                           6.821    
  -------------------------------------------------------------------
                         slack                                  0.154    

Slack (MET) :             0.157ns  (arrival time - required time)
  Source:                 ALU_OUT/out_reg[1]/C
                            (falling edge-triggered cell FDRE clocked by sys_clk_pin  {rise@0.000ns fall@5.000ns period=10.000ns})
  Destination:            PC/out_reg[1]/D
                            (falling edge-triggered cell FDRE clocked by sys_clk_pin  {rise@0.000ns fall@5.000ns period=10.000ns})
  Path Group:             sys_clk_pin
  Path Type:              Hold (Min at Fast Process Corner)
  Requirement:            0.000ns  (sys_clk_pin fall@5.000ns - sys_clk_pin fall@5.000ns)
  Data Path Delay:        0.305ns  (logic 0.194ns (63.711%)  route 0.111ns (36.289%))
  Logic Levels:           1  (LUT3=1)
  Clock Path Skew:        0.013ns (DCD - SCD - CPR)
    Destination Clock Delay (DCD):    2.010ns = ( 7.010 - 5.000 ) 
    Source Clock Delay      (SCD):    1.493ns = ( 6.493 - 5.000 ) 
    Clock Pessimism Removal (CPR):    0.503ns

    Location             Delay type                Incr(ns)  Path(ns)    Netlist Resource(s)
  -------------------------------------------------------------------    -------------------
                         (clock sys_clk_pin fall edge)
                                                      5.000     5.000 f  
    E3                                                0.000     5.000 f  dclk (IN)
                         net (fo=0)                   0.000     5.000    dclk
    E3                   IBUF (Prop_ibuf_I_O)         0.250     5.250 f  dclk_IBUF_inst/O
                         net (fo=1, routed)           0.644     5.894    dclk_IBUF
    BUFGCTRL_X0Y16       BUFG (Prop_bufg_I_O)         0.026     5.920 f  dclk_IBUF_BUFG_inst/O
                         net (fo=712, routed)         0.574     6.493    ALU_OUT/CLK
    SLICE_X9Y91          FDRE                                         r  ALU_OUT/out_reg[1]/C  (IS_INVERTED)
  -------------------------------------------------------------------    -------------------
    SLICE_X9Y91          FDRE (Prop_fdre_C_Q)         0.146     6.639 r  ALU_OUT/out_reg[1]/Q
                         net (fo=3, routed)           0.111     6.750    ALU_OUT/Q[1]
    SLICE_X8Y91          LUT3 (Prop_lut3_I0_O)        0.048     6.798 r  ALU_OUT/out[1]_i_1__0/O
                         net (fo=1, routed)           0.000     6.798    PC/D[1]
    SLICE_X8Y91          FDRE                                         r  PC/out_reg[1]/D
  -------------------------------------------------------------------    -------------------

                         (clock sys_clk_pin fall edge)
                                                      5.000     5.000 f  
    E3                                                0.000     5.000 f  dclk (IN)
                         net (fo=0)                   0.000     5.000    dclk
    E3                   IBUF (Prop_ibuf_I_O)         0.438     5.438 f  dclk_IBUF_inst/O
                         net (fo=1, routed)           0.699     6.136    dclk_IBUF
    BUFGCTRL_X0Y16       BUFG (Prop_bufg_I_O)         0.029     6.165 f  dclk_IBUF_BUFG_inst/O
                         net (fo=712, routed)         0.845     7.010    PC/CLK
    SLICE_X8Y91          FDRE                                         r  PC/out_reg[1]/C  (IS_INVERTED)
                         clock pessimism             -0.503     6.506    
    SLICE_X8Y91          FDRE (Hold_fdre_C_D)         0.135     6.641    PC/out_reg[1]
  -------------------------------------------------------------------
                         required time                         -6.641    
                         arrival time                           6.798    
  -------------------------------------------------------------------
                         slack                                  0.157    

Slack (MET) :             0.161ns  (arrival time - required time)
  Source:                 ALU_OUT/out_reg[23]/C
                            (falling edge-triggered cell FDRE clocked by sys_clk_pin  {rise@0.000ns fall@5.000ns period=10.000ns})
  Destination:            PC/out_reg[23]/D
                            (falling edge-triggered cell FDRE clocked by sys_clk_pin  {rise@0.000ns fall@5.000ns period=10.000ns})
  Path Group:             sys_clk_pin
  Path Type:              Hold (Min at Fast Process Corner)
  Requirement:            0.000ns  (sys_clk_pin fall@5.000ns - sys_clk_pin fall@5.000ns)
  Data Path Delay:        0.589ns  (logic 0.190ns (32.260%)  route 0.399ns (67.740%))
  Logic Levels:           1  (LUT3=1)
  Clock Path Skew:        0.293ns (DCD - SCD - CPR)
    Destination Clock Delay (DCD):    2.034ns = ( 7.034 - 5.000 ) 
    Source Clock Delay      (SCD):    1.495ns = ( 6.495 - 5.000 ) 
    Clock Pessimism Removal (CPR):    0.245ns

    Location             Delay type                Incr(ns)  Path(ns)    Netlist Resource(s)
  -------------------------------------------------------------------    -------------------
                         (clock sys_clk_pin fall edge)
                                                      5.000     5.000 f  
    E3                                                0.000     5.000 f  dclk (IN)
                         net (fo=0)                   0.000     5.000    dclk
    E3                   IBUF (Prop_ibuf_I_O)         0.250     5.250 f  dclk_IBUF_inst/O
                         net (fo=1, routed)           0.644     5.894    dclk_IBUF
    BUFGCTRL_X0Y16       BUFG (Prop_bufg_I_O)         0.026     5.920 f  dclk_IBUF_BUFG_inst/O
                         net (fo=712, routed)         0.576     6.495    ALU_OUT/CLK
    SLICE_X9Y99          FDRE                                         r  ALU_OUT/out_reg[23]/C  (IS_INVERTED)
  -------------------------------------------------------------------    -------------------
    SLICE_X9Y99          FDRE (Prop_fdre_C_Q)         0.146     6.641 r  ALU_OUT/out_reg[23]/Q
                         net (fo=2, routed)           0.399     7.040    ALU_OUT/Q[23]
    SLICE_X6Y100         LUT3 (Prop_lut3_I0_O)        0.044     7.084 r  ALU_OUT/out[23]_i_1__0/O
                         net (fo=1, routed)           0.000     7.084    PC/D[23]
    SLICE_X6Y100         FDRE                                         r  PC/out_reg[23]/D
  -------------------------------------------------------------------    -------------------

                         (clock sys_clk_pin fall edge)
                                                      5.000     5.000 f  
    E3                                                0.000     5.000 f  dclk (IN)
                         net (fo=0)                   0.000     5.000    dclk
    E3                   IBUF (Prop_ibuf_I_O)         0.438     5.438 f  dclk_IBUF_inst/O
                         net (fo=1, routed)           0.699     6.136    dclk_IBUF
    BUFGCTRL_X0Y16       BUFG (Prop_bufg_I_O)         0.029     6.165 f  dclk_IBUF_BUFG_inst/O
                         net (fo=712, routed)         0.868     7.034    PC/CLK
    SLICE_X6Y100         FDRE                                         r  PC/out_reg[23]/C  (IS_INVERTED)
                         clock pessimism             -0.245     6.788    
    SLICE_X6Y100         FDRE (Hold_fdre_C_D)         0.135     6.923    PC/out_reg[23]
  -------------------------------------------------------------------
                         required time                         -6.923    
                         arrival time                           7.084    
  -------------------------------------------------------------------
                         slack                                  0.161    

Slack (MET) :             0.162ns  (arrival time - required time)
  Source:                 PC/out_reg[14]/C
                            (falling edge-triggered cell FDRE clocked by sys_clk_pin  {rise@0.000ns fall@5.000ns period=10.000ns})
  Destination:            NPC/out_reg[16]/D
                            (falling edge-triggered cell FDRE clocked by sys_clk_pin  {rise@0.000ns fall@5.000ns period=10.000ns})
  Path Group:             sys_clk_pin
  Path Type:              Hold (Min at Fast Process Corner)
  Requirement:            0.000ns  (sys_clk_pin fall@5.000ns - sys_clk_pin fall@5.000ns)
  Data Path Delay:        0.303ns  (logic 0.191ns (63.046%)  route 0.112ns (36.954%))
  Logic Levels:           1  (LUT6=1)
  Clock Path Skew:        0.016ns (DCD - SCD - CPR)
    Destination Clock Delay (DCD):    2.037ns = ( 7.037 - 5.000 ) 
    Source Clock Delay      (SCD):    1.518ns = ( 6.518 - 5.000 ) 
    Clock Pessimism Removal (CPR):    0.502ns

    Location             Delay type                Incr(ns)  Path(ns)    Netlist Resource(s)
  -------------------------------------------------------------------    -------------------
                         (clock sys_clk_pin fall edge)
                                                      5.000     5.000 f  
    E3                                                0.000     5.000 f  dclk (IN)
                         net (fo=0)                   0.000     5.000    dclk
    E3                   IBUF (Prop_ibuf_I_O)         0.250     5.250 f  dclk_IBUF_inst/O
                         net (fo=1, routed)           0.644     5.894    dclk_IBUF
    BUFGCTRL_X0Y16       BUFG (Prop_bufg_I_O)         0.026     5.920 f  dclk_IBUF_BUFG_inst/O
                         net (fo=712, routed)         0.599     6.518    PC/CLK
    SLICE_X1Y100         FDRE                                         r  PC/out_reg[14]/C  (IS_INVERTED)
  -------------------------------------------------------------------    -------------------
    SLICE_X1Y100         FDRE (Prop_fdre_C_Q)         0.146     6.664 r  PC/out_reg[14]/Q
                         net (fo=4, routed)           0.112     6.776    PC/pc[14]
    SLICE_X2Y100         LUT6 (Prop_lut6_I4_O)        0.045     6.821 r  PC/out[16]_i_1__2/O
                         net (fo=1, routed)           0.000     6.821    NPC/D[16]
    SLICE_X2Y100         FDRE                                         r  NPC/out_reg[16]/D
  -------------------------------------------------------------------    -------------------

                         (clock sys_clk_pin fall edge)
                                                      5.000     5.000 f  
    E3                                                0.000     5.000 f  dclk (IN)
                         net (fo=0)                   0.000     5.000    dclk
    E3                   IBUF (Prop_ibuf_I_O)         0.438     5.438 f  dclk_IBUF_inst/O
                         net (fo=1, routed)           0.699     6.136    dclk_IBUF
    BUFGCTRL_X0Y16       BUFG (Prop_bufg_I_O)         0.029     6.165 f  dclk_IBUF_BUFG_inst/O
                         net (fo=712, routed)         0.872     7.037    NPC/CLK
    SLICE_X2Y100         FDRE                                         r  NPC/out_reg[16]/C  (IS_INVERTED)
                         clock pessimism             -0.502     6.534    
    SLICE_X2Y100         FDRE (Hold_fdre_C_D)         0.125     6.659    NPC/out_reg[16]
  -------------------------------------------------------------------
                         required time                         -6.659    
                         arrival time                           6.821    
  -------------------------------------------------------------------
                         slack                                  0.162    

Slack (MET) :             0.162ns  (arrival time - required time)
  Source:                 PC/out_reg[12]/C
                            (falling edge-triggered cell FDRE clocked by sys_clk_pin  {rise@0.000ns fall@5.000ns period=10.000ns})
  Destination:            NPC/out_reg[13]/D
                            (falling edge-triggered cell FDRE clocked by sys_clk_pin  {rise@0.000ns fall@5.000ns period=10.000ns})
  Path Group:             sys_clk_pin
  Path Type:              Hold (Min at Fast Process Corner)
  Requirement:            0.000ns  (sys_clk_pin fall@5.000ns - sys_clk_pin fall@5.000ns)
  Data Path Delay:        0.299ns  (logic 0.191ns (63.789%)  route 0.108ns (36.211%))
  Logic Levels:           1  (LUT3=1)
  Clock Path Skew:        0.013ns (DCD - SCD - CPR)
    Destination Clock Delay (DCD):    2.037ns = ( 7.037 - 5.000 ) 
    Source Clock Delay      (SCD):    1.518ns = ( 6.518 - 5.000 ) 
    Clock Pessimism Removal (CPR):    0.505ns

    Location             Delay type                Incr(ns)  Path(ns)    Netlist Resource(s)
  -------------------------------------------------------------------    -------------------
                         (clock sys_clk_pin fall edge)
                                                      5.000     5.000 f  
    E3                                                0.000     5.000 f  dclk (IN)
                         net (fo=0)                   0.000     5.000    dclk
    E3                   IBUF (Prop_ibuf_I_O)         0.250     5.250 f  dclk_IBUF_inst/O
                         net (fo=1, routed)           0.644     5.894    dclk_IBUF
    BUFGCTRL_X0Y16       BUFG (Prop_bufg_I_O)         0.026     5.920 f  dclk_IBUF_BUFG_inst/O
                         net (fo=712, routed)         0.599     6.518    PC/CLK
    SLICE_X3Y100         FDRE                                         r  PC/out_reg[12]/C  (IS_INVERTED)
  -------------------------------------------------------------------    -------------------
    SLICE_X3Y100         FDRE (Prop_fdre_C_Q)         0.146     6.664 r  PC/out_reg[12]/Q
                         net (fo=6, routed)           0.108     6.773    PC/pc[12]
    SLICE_X2Y100         LUT3 (Prop_lut3_I1_O)        0.045     6.818 r  PC/out[13]_i_1__1/O
                         net (fo=1, routed)           0.000     6.818    NPC/D[13]
    SLICE_X2Y100         FDRE                                         r  NPC/out_reg[13]/D
  -------------------------------------------------------------------    -------------------

                         (clock sys_clk_pin fall edge)
                                                      5.000     5.000 f  
    E3                                                0.000     5.000 f  dclk (IN)
                         net (fo=0)                   0.000     5.000    dclk
    E3                   IBUF (Prop_ibuf_I_O)         0.438     5.438 f  dclk_IBUF_inst/O
                         net (fo=1, routed)           0.699     6.136    dclk_IBUF
    BUFGCTRL_X0Y16       BUFG (Prop_bufg_I_O)         0.029     6.165 f  dclk_IBUF_BUFG_inst/O
                         net (fo=712, routed)         0.872     7.037    NPC/CLK
    SLICE_X2Y100         FDRE                                         r  NPC/out_reg[13]/C  (IS_INVERTED)
                         clock pessimism             -0.505     6.531    
    SLICE_X2Y100         FDRE (Hold_fdre_C_D)         0.124     6.655    NPC/out_reg[13]
  -------------------------------------------------------------------
                         required time                         -6.655    
                         arrival time                           6.818    
  -------------------------------------------------------------------
                         slack                                  0.162    

Slack (MET) :             0.176ns  (arrival time - required time)
  Source:                 reg_bank/R12/out_reg[9]/C
                            (falling edge-triggered cell FDRE clocked by sys_clk_pin  {rise@0.000ns fall@5.000ns period=10.000ns})
  Destination:            B/out_reg[9]/D
                            (falling edge-triggered cell FDRE clocked by sys_clk_pin  {rise@0.000ns fall@5.000ns period=10.000ns})
  Path Group:             sys_clk_pin
  Path Type:              Hold (Min at Fast Process Corner)
  Requirement:            0.000ns  (sys_clk_pin fall@5.000ns - sys_clk_pin fall@5.000ns)
  Data Path Delay:        0.554ns  (logic 0.275ns (49.677%)  route 0.279ns (50.323%))
  Logic Levels:           3  (LUT6=1 MUXF7=1 MUXF8=1)
  Clock Path Skew:        0.266ns (DCD - SCD - CPR)
    Destination Clock Delay (DCD):    2.036ns = ( 7.036 - 5.000 ) 
    Source Clock Delay      (SCD):    1.524ns = ( 6.524 - 5.000 ) 
    Clock Pessimism Removal (CPR):    0.245ns

    Location             Delay type                Incr(ns)  Path(ns)    Netlist Resource(s)
  -------------------------------------------------------------------    -------------------
                         (clock sys_clk_pin fall edge)
                                                      5.000     5.000 f  
    E3                                                0.000     5.000 f  dclk (IN)
                         net (fo=0)                   0.000     5.000    dclk
    E3                   IBUF (Prop_ibuf_I_O)         0.250     5.250 f  dclk_IBUF_inst/O
                         net (fo=1, routed)           0.644     5.894    dclk_IBUF
    BUFGCTRL_X0Y16       BUFG (Prop_bufg_I_O)         0.026     5.920 f  dclk_IBUF_BUFG_inst/O
                         net (fo=712, routed)         0.605     6.524    reg_bank/R12/CLK
    SLICE_X3Y99          FDRE                                         r  reg_bank/R12/out_reg[9]/C  (IS_INVERTED)
  -------------------------------------------------------------------    -------------------
    SLICE_X3Y99          FDRE (Prop_fdre_C_Q)         0.146     6.670 r  reg_bank/R12/out_reg[9]/Q
                         net (fo=3, routed)           0.279     6.949    reg_bank/R15/out_reg[31]_i_4__0_0[9]
    SLICE_X1Y103         LUT6 (Prop_lut6_I5_O)        0.045     6.994 r  reg_bank/R15/out[9]_i_7__1/O
                         net (fo=1, routed)           0.000     6.994    reg_bank/R11/out_reg[9]_1
    SLICE_X1Y103         MUXF7 (Prop_muxf7_I1_O)      0.065     7.059 r  reg_bank/R11/out_reg[9]_i_3__0/O
                         net (fo=1, routed)           0.000     7.059    reg_bank/R3/out_reg[9]_2
    SLICE_X1Y103         MUXF8 (Prop_muxf8_I1_O)      0.019     7.078 r  reg_bank/R3/out_reg[9]_i_1__1/O
                         net (fo=1, routed)           0.000     7.078    B/D[9]
    SLICE_X1Y103         FDRE                                         r  B/out_reg[9]/D
  -------------------------------------------------------------------    -------------------

                         (clock sys_clk_pin fall edge)
                                                      5.000     5.000 f  
    E3                                                0.000     5.000 f  dclk (IN)
                         net (fo=0)                   0.000     5.000    dclk
    E3                   IBUF (Prop_ibuf_I_O)         0.438     5.438 f  dclk_IBUF_inst/O
                         net (fo=1, routed)           0.699     6.136    dclk_IBUF
    BUFGCTRL_X0Y16       BUFG (Prop_bufg_I_O)         0.029     6.165 f  dclk_IBUF_BUFG_inst/O
                         net (fo=712, routed)         0.871     7.036    B/CLK
    SLICE_X1Y103         FDRE                                         r  B/out_reg[9]/C  (IS_INVERTED)
                         clock pessimism             -0.245     6.790    
    SLICE_X1Y103         FDRE (Hold_fdre_C_D)         0.112     6.902    B/out_reg[9]
  -------------------------------------------------------------------
                         required time                         -6.902    
                         arrival time                           7.078    
  -------------------------------------------------------------------
                         slack                                  0.176    

Slack (MET) :             0.179ns  (arrival time - required time)
  Source:                 ALU_OUT/out_reg[16]/C
                            (falling edge-triggered cell FDRE clocked by sys_clk_pin  {rise@0.000ns fall@5.000ns period=10.000ns})
  Destination:            reg_bank/R4/out_reg[16]/D
                            (falling edge-triggered cell FDRE clocked by sys_clk_pin  {rise@0.000ns fall@5.000ns period=10.000ns})
  Path Group:             sys_clk_pin
  Path Type:              Hold (Min at Fast Process Corner)
  Requirement:            0.000ns  (sys_clk_pin fall@5.000ns - sys_clk_pin fall@5.000ns)
  Data Path Delay:        0.520ns  (logic 0.191ns (36.764%)  route 0.329ns (63.236%))
  Logic Levels:           1  (LUT5=1)
  Clock Path Skew:        0.268ns (DCD - SCD - CPR)
    Destination Clock Delay (DCD):    2.037ns = ( 7.037 - 5.000 ) 
    Source Clock Delay      (SCD):    1.523ns = ( 6.523 - 5.000 ) 
    Clock Pessimism Removal (CPR):    0.245ns

    Location             Delay type                Incr(ns)  Path(ns)    Netlist Resource(s)
  -------------------------------------------------------------------    -------------------
                         (clock sys_clk_pin fall edge)
                                                      5.000     5.000 f  
    E3                                                0.000     5.000 f  dclk (IN)
                         net (fo=0)                   0.000     5.000    dclk
    E3                   IBUF (Prop_ibuf_I_O)         0.250     5.250 f  dclk_IBUF_inst/O
                         net (fo=1, routed)           0.644     5.894    dclk_IBUF
    BUFGCTRL_X0Y16       BUFG (Prop_bufg_I_O)         0.026     5.920 f  dclk_IBUF_BUFG_inst/O
                         net (fo=712, routed)         0.604     6.523    ALU_OUT/CLK
    SLICE_X3Y96          FDRE                                         r  ALU_OUT/out_reg[16]/C  (IS_INVERTED)
  -------------------------------------------------------------------    -------------------
    SLICE_X3Y96          FDRE (Prop_fdre_C_Q)         0.146     6.669 r  ALU_OUT/out_reg[16]/Q
                         net (fo=2, routed)           0.196     6.866    IR/out_reg[31]_3[16]
    SLICE_X3Y101         LUT5 (Prop_lut5_I1_O)        0.045     6.911 r  IR/out[16]_i_1__1/O
                         net (fo=15, routed)          0.132     7.043    reg_bank/R4/out_reg[31]_0[16]
    SLICE_X3Y101         FDRE                                         r  reg_bank/R4/out_reg[16]/D
  -------------------------------------------------------------------    -------------------

                         (clock sys_clk_pin fall edge)
                                                      5.000     5.000 f  
    E3                                                0.000     5.000 f  dclk (IN)
                         net (fo=0)                   0.000     5.000    dclk
    E3                   IBUF (Prop_ibuf_I_O)         0.438     5.438 f  dclk_IBUF_inst/O
                         net (fo=1, routed)           0.699     6.136    dclk_IBUF
    BUFGCTRL_X0Y16       BUFG (Prop_bufg_I_O)         0.029     6.165 f  dclk_IBUF_BUFG_inst/O
                         net (fo=712, routed)         0.872     7.037    reg_bank/R4/CLK
    SLICE_X3Y101         FDRE                                         r  reg_bank/R4/out_reg[16]/C  (IS_INVERTED)
                         clock pessimism             -0.245     6.791    
    SLICE_X3Y101         FDRE (Hold_fdre_C_D)         0.073     6.864    reg_bank/R4/out_reg[16]
  -------------------------------------------------------------------
                         required time                         -6.864    
                         arrival time                           7.043    
  -------------------------------------------------------------------
                         slack                                  0.179    

Slack (MET) :             0.185ns  (arrival time - required time)
  Source:                 reg_bank/R9/out_reg[22]/C
                            (falling edge-triggered cell FDRE clocked by sys_clk_pin  {rise@0.000ns fall@5.000ns period=10.000ns})
  Destination:            B/out_reg[22]/D
                            (falling edge-triggered cell FDRE clocked by sys_clk_pin  {rise@0.000ns fall@5.000ns period=10.000ns})
  Path Group:             sys_clk_pin
  Path Type:              Hold (Min at Fast Process Corner)
  Requirement:            0.000ns  (sys_clk_pin fall@5.000ns - sys_clk_pin fall@5.000ns)
  Data Path Delay:        0.336ns  (logic 0.272ns (80.900%)  route 0.064ns (19.100%))
  Logic Levels:           3  (LUT6=1 MUXF7=1 MUXF8=1)
  Clock Path Skew:        0.013ns (DCD - SCD - CPR)
    Destination Clock Delay (DCD):    2.009ns = ( 7.009 - 5.000 ) 
    Source Clock Delay      (SCD):    1.492ns = ( 6.492 - 5.000 ) 
    Clock Pessimism Removal (CPR):    0.503ns

    Location             Delay type                Incr(ns)  Path(ns)    Netlist Resource(s)
  -------------------------------------------------------------------    -------------------
                         (clock sys_clk_pin fall edge)
                                                      5.000     5.000 f  
    E3                                                0.000     5.000 f  dclk (IN)
                         net (fo=0)                   0.000     5.000    dclk
    E3                   IBUF (Prop_ibuf_I_O)         0.250     5.250 f  dclk_IBUF_inst/O
                         net (fo=1, routed)           0.644     5.894    dclk_IBUF
    BUFGCTRL_X0Y16       BUFG (Prop_bufg_I_O)         0.026     5.920 f  dclk_IBUF_BUFG_inst/O
                         net (fo=712, routed)         0.573     6.492    reg_bank/R9/CLK
    SLICE_X13Y88         FDRE                                         r  reg_bank/R9/out_reg[22]/C  (IS_INVERTED)
  -------------------------------------------------------------------    -------------------
    SLICE_X13Y88         FDRE (Prop_fdre_C_Q)         0.146     6.638 r  reg_bank/R9/out_reg[22]/Q
                         net (fo=2, routed)           0.064     6.703    reg_bank/R11/out_reg[31]_i_4__0_0[22]
    SLICE_X12Y88         LUT6 (Prop_lut6_I3_O)        0.045     6.748 r  reg_bank/R11/out[22]_i_6__0/O
                         net (fo=1, routed)           0.000     6.748    reg_bank/R11/out[22]_i_6__0_n_0
    SLICE_X12Y88         MUXF7 (Prop_muxf7_I0_O)      0.062     6.810 r  reg_bank/R11/out_reg[22]_i_3__0/O
                         net (fo=1, routed)           0.000     6.810    reg_bank/R3/out_reg[22]_2
    SLICE_X12Y88         MUXF8 (Prop_muxf8_I1_O)      0.019     6.829 r  reg_bank/R3/out_reg[22]_i_1__0/O
                         net (fo=1, routed)           0.000     6.829    B/D[22]
    SLICE_X12Y88         FDRE                                         r  B/out_reg[22]/D
  -------------------------------------------------------------------    -------------------

                         (clock sys_clk_pin fall edge)
                                                      5.000     5.000 f  
    E3                                                0.000     5.000 f  dclk (IN)
                         net (fo=0)                   0.000     5.000    dclk
    E3                   IBUF (Prop_ibuf_I_O)         0.438     5.438 f  dclk_IBUF_inst/O
                         net (fo=1, routed)           0.699     6.136    dclk_IBUF
    BUFGCTRL_X0Y16       BUFG (Prop_bufg_I_O)         0.029     6.165 f  dclk_IBUF_BUFG_inst/O
                         net (fo=712, routed)         0.844     7.009    B/CLK
    SLICE_X12Y88         FDRE                                         r  B/out_reg[22]/C  (IS_INVERTED)
                         clock pessimism             -0.503     6.505    
    SLICE_X12Y88         FDRE (Hold_fdre_C_D)         0.138     6.643    B/out_reg[22]
  -------------------------------------------------------------------
                         required time                         -6.643    
                         arrival time                           6.829    
  -------------------------------------------------------------------
                         slack                                  0.185    

Slack (MET) :             0.192ns  (arrival time - required time)
  Source:                 NPC/out_reg[13]/C
                            (falling edge-triggered cell FDRE clocked by sys_clk_pin  {rise@0.000ns fall@5.000ns period=10.000ns})
  Destination:            PC/out_reg[13]/D
                            (falling edge-triggered cell FDRE clocked by sys_clk_pin  {rise@0.000ns fall@5.000ns period=10.000ns})
  Path Group:             sys_clk_pin
  Path Type:              Hold (Min at Fast Process Corner)
  Requirement:            0.000ns  (sys_clk_pin fall@5.000ns - sys_clk_pin fall@5.000ns)
  Data Path Delay:        0.319ns  (logic 0.215ns (67.499%)  route 0.104ns (32.501%))
  Logic Levels:           1  (LUT3=1)
  Clock Path Skew:        0.013ns (DCD - SCD - CPR)
    Destination Clock Delay (DCD):    2.037ns = ( 7.037 - 5.000 ) 
    Source Clock Delay      (SCD):    1.518ns = ( 6.518 - 5.000 ) 
    Clock Pessimism Removal (CPR):    0.505ns

    Location             Delay type                Incr(ns)  Path(ns)    Netlist Resource(s)
  -------------------------------------------------------------------    -------------------
                         (clock sys_clk_pin fall edge)
                                                      5.000     5.000 f  
    E3                                                0.000     5.000 f  dclk (IN)
                         net (fo=0)                   0.000     5.000    dclk
    E3                   IBUF (Prop_ibuf_I_O)         0.250     5.250 f  dclk_IBUF_inst/O
                         net (fo=1, routed)           0.644     5.894    dclk_IBUF
    BUFGCTRL_X0Y16       BUFG (Prop_bufg_I_O)         0.026     5.920 f  dclk_IBUF_BUFG_inst/O
                         net (fo=712, routed)         0.599     6.518    NPC/CLK
    SLICE_X2Y100         FDRE                                         r  NPC/out_reg[13]/C  (IS_INVERTED)
  -------------------------------------------------------------------    -------------------
    SLICE_X2Y100         FDRE (Prop_fdre_C_Q)         0.167     6.685 r  NPC/out_reg[13]/Q
                         net (fo=3, routed)           0.104     6.789    ALU_OUT/out_reg[31]_0[13]
    SLICE_X3Y100         LUT3 (Prop_lut3_I1_O)        0.048     6.837 r  ALU_OUT/out[13]_i_1/O
                         net (fo=1, routed)           0.000     6.837    PC/D[13]
    SLICE_X3Y100         FDRE                                         r  PC/out_reg[13]/D
  -------------------------------------------------------------------    -------------------

                         (clock sys_clk_pin fall edge)
                                                      5.000     5.000 f  
    E3                                                0.000     5.000 f  dclk (IN)
                         net (fo=0)                   0.000     5.000    dclk
    E3                   IBUF (Prop_ibuf_I_O)         0.438     5.438 f  dclk_IBUF_inst/O
                         net (fo=1, routed)           0.699     6.136    dclk_IBUF
    BUFGCTRL_X0Y16       BUFG (Prop_bufg_I_O)         0.029     6.165 f  dclk_IBUF_BUFG_inst/O
                         net (fo=712, routed)         0.872     7.037    PC/CLK
    SLICE_X3Y100         FDRE                                         r  PC/out_reg[13]/C  (IS_INVERTED)
                         clock pessimism             -0.505     6.531    
    SLICE_X3Y100         FDRE (Hold_fdre_C_D)         0.114     6.645    PC/out_reg[13]
  -------------------------------------------------------------------
                         required time                         -6.645    
                         arrival time                           6.837    
  -------------------------------------------------------------------
                         slack                                  0.192    

Slack (MET) :             0.193ns  (arrival time - required time)
  Source:                 PC/out_reg[20]/C
                            (falling edge-triggered cell FDRE clocked by sys_clk_pin  {rise@0.000ns fall@5.000ns period=10.000ns})
  Destination:            NPC/out_reg[24]/D
                            (falling edge-triggered cell FDRE clocked by sys_clk_pin  {rise@0.000ns fall@5.000ns period=10.000ns})
  Path Group:             sys_clk_pin
  Path Type:              Hold (Min at Fast Process Corner)
  Requirement:            0.000ns  (sys_clk_pin fall@5.000ns - sys_clk_pin fall@5.000ns)
  Data Path Delay:        0.328ns  (logic 0.191ns (58.172%)  route 0.137ns (41.828%))
  Logic Levels:           1  (LUT6=1)
  Clock Path Skew:        0.036ns (DCD - SCD - CPR)
    Destination Clock Delay (DCD):    2.034ns = ( 7.034 - 5.000 ) 
    Source Clock Delay      (SCD):    1.518ns = ( 6.518 - 5.000 ) 
    Clock Pessimism Removal (CPR):    0.479ns

    Location             Delay type                Incr(ns)  Path(ns)    Netlist Resource(s)
  -------------------------------------------------------------------    -------------------
                         (clock sys_clk_pin fall edge)
                                                      5.000     5.000 f  
    E3                                                0.000     5.000 f  dclk (IN)
                         net (fo=0)                   0.000     5.000    dclk
    E3                   IBUF (Prop_ibuf_I_O)         0.250     5.250 f  dclk_IBUF_inst/O
                         net (fo=1, routed)           0.644     5.894    dclk_IBUF
    BUFGCTRL_X0Y16       BUFG (Prop_bufg_I_O)         0.026     5.920 f  dclk_IBUF_BUFG_inst/O
                         net (fo=712, routed)         0.599     6.518    PC/CLK
    SLICE_X3Y100         FDRE                                         r  PC/out_reg[20]/C  (IS_INVERTED)
  -------------------------------------------------------------------    -------------------
    SLICE_X3Y100         FDRE (Prop_fdre_C_Q)         0.146     6.664 r  PC/out_reg[20]/Q
                         net (fo=6, routed)           0.137     6.802    PC/pc[20]
    SLICE_X5Y101         LUT6 (Prop_lut6_I2_O)        0.045     6.847 r  PC/out[24]_i_1__2/O
                         net (fo=1, routed)           0.000     6.847    NPC/D[24]
    SLICE_X5Y101         FDRE                                         r  NPC/out_reg[24]/D
  -------------------------------------------------------------------    -------------------

                         (clock sys_clk_pin fall edge)
                                                      5.000     5.000 f  
    E3                                                0.000     5.000 f  dclk (IN)
                         net (fo=0)                   0.000     5.000    dclk
    E3                   IBUF (Prop_ibuf_I_O)         0.438     5.438 f  dclk_IBUF_inst/O
                         net (fo=1, routed)           0.699     6.136    dclk_IBUF
    BUFGCTRL_X0Y16       BUFG (Prop_bufg_I_O)         0.029     6.165 f  dclk_IBUF_BUFG_inst/O
                         net (fo=712, routed)         0.868     7.034    NPC/CLK
    SLICE_X5Y101         FDRE                                         r  NPC/out_reg[24]/C  (IS_INVERTED)
                         clock pessimism             -0.479     6.554    
    SLICE_X5Y101         FDRE (Hold_fdre_C_D)         0.099     6.653    NPC/out_reg[24]
  -------------------------------------------------------------------
                         required time                         -6.653    
                         arrival time                           6.847    
  -------------------------------------------------------------------
                         slack                                  0.193    





Pulse Width Checks
--------------------------------------------------------------------------------------
Clock Name:         sys_clk_pin
Waveform(ns):       { 0.000 5.000 }
Period(ns):         10.000
Sources:            { dclk }

Check Type        Corner  Lib Pin             Reference Pin  Required(ns)  Actual(ns)  Slack(ns)  Location        Pin
Min Period        n/a     RAMB36E1/CLKARDCLK  n/a            1.962         10.000      8.038      RAMB36_X0Y19    dat_mem/U0/inst_blk_mem_gen/gnbram.gnativebmg.native_blk_mem_gen/valid.cstr/ramloop[0].ram.r/prim_init.ram/DEVICE_7SERIES.NO_BMM_INFO.SP.SIMPLE_PRIM36.ram/CLKARDCLK
Min Period        n/a     RAMB36E1/CLKBWRCLK  n/a            1.962         10.000      8.038      RAMB36_X0Y19    dat_mem/U0/inst_blk_mem_gen/gnbram.gnativebmg.native_blk_mem_gen/valid.cstr/ramloop[0].ram.r/prim_init.ram/DEVICE_7SERIES.NO_BMM_INFO.SP.SIMPLE_PRIM36.ram/CLKBWRCLK
Min Period        n/a     RAMB36E1/CLKARDCLK  n/a            1.962         10.000      8.038      RAMB36_X0Y17    ins_mem/U0/inst_blk_mem_gen/gnbram.gnativebmg.native_blk_mem_gen/valid.cstr/ramloop[0].ram.r/prim_init.ram/DEVICE_7SERIES.NO_BMM_INFO.SP.SIMPLE_PRIM36.ram/CLKARDCLK
Min Period        n/a     RAMB36E1/CLKBWRCLK  n/a            1.962         10.000      8.038      RAMB36_X0Y17    ins_mem/U0/inst_blk_mem_gen/gnbram.gnativebmg.native_blk_mem_gen/valid.cstr/ramloop[0].ram.r/prim_init.ram/DEVICE_7SERIES.NO_BMM_INFO.SP.SIMPLE_PRIM36.ram/CLKBWRCLK
Min Period        n/a     BUFG/I              n/a            1.592         10.000      8.408      BUFGCTRL_X0Y16  dclk_IBUF_BUFG_inst/I
Min Period        n/a     FDRE/C              n/a            1.000         10.000      9.000      SLICE_X5Y87     A/out_reg[0]/C
Min Period        n/a     FDRE/C              n/a            1.000         10.000      9.000      SLICE_X1Y104    A/out_reg[10]/C
Min Period        n/a     FDRE/C              n/a            1.000         10.000      9.000      SLICE_X2Y109    A/out_reg[11]/C
Min Period        n/a     FDRE/C              n/a            1.000         10.000      9.000      SLICE_X10Y103   A/out_reg[12]/C
Min Period        n/a     FDRE/C              n/a            1.000         10.000      9.000      SLICE_X6Y106    A/out_reg[13]/C
Low Pulse Width   Slow    FDRE/C              n/a            0.500         5.000       4.500      SLICE_X5Y87     A/out_reg[0]/C
Low Pulse Width   Fast    FDRE/C              n/a            0.500         5.000       4.500      SLICE_X5Y87     A/out_reg[0]/C
Low Pulse Width   Slow    FDRE/C              n/a            0.500         5.000       4.500      SLICE_X1Y104    A/out_reg[10]/C
Low Pulse Width   Fast    FDRE/C              n/a            0.500         5.000       4.500      SLICE_X1Y104    A/out_reg[10]/C
Low Pulse Width   Slow    FDRE/C              n/a            0.500         5.000       4.500      SLICE_X2Y109    A/out_reg[11]/C
Low Pulse Width   Fast    FDRE/C              n/a            0.500         5.000       4.500      SLICE_X2Y109    A/out_reg[11]/C
Low Pulse Width   Slow    FDRE/C              n/a            0.500         5.000       4.500      SLICE_X10Y103   A/out_reg[12]/C
Low Pulse Width   Fast    FDRE/C              n/a            0.500         5.000       4.500      SLICE_X10Y103   A/out_reg[12]/C
Low Pulse Width   Slow    FDRE/C              n/a            0.500         5.000       4.500      SLICE_X6Y106    A/out_reg[13]/C
Low Pulse Width   Fast    FDRE/C              n/a            0.500         5.000       4.500      SLICE_X6Y106    A/out_reg[13]/C
High Pulse Width  Slow    FDRE/C              n/a            0.500         5.000       4.500      SLICE_X5Y87     A/out_reg[0]/C
High Pulse Width  Fast    FDRE/C              n/a            0.500         5.000       4.500      SLICE_X5Y87     A/out_reg[0]/C
High Pulse Width  Slow    FDRE/C              n/a            0.500         5.000       4.500      SLICE_X1Y104    A/out_reg[10]/C
High Pulse Width  Fast    FDRE/C              n/a            0.500         5.000       4.500      SLICE_X1Y104    A/out_reg[10]/C
High Pulse Width  Slow    FDRE/C              n/a            0.500         5.000       4.500      SLICE_X2Y109    A/out_reg[11]/C
High Pulse Width  Fast    FDRE/C              n/a            0.500         5.000       4.500      SLICE_X2Y109    A/out_reg[11]/C
High Pulse Width  Slow    FDRE/C              n/a            0.500         5.000       4.500      SLICE_X10Y103   A/out_reg[12]/C
High Pulse Width  Fast    FDRE/C              n/a            0.500         5.000       4.500      SLICE_X10Y103   A/out_reg[12]/C
High Pulse Width  Slow    FDRE/C              n/a            0.500         5.000       4.500      SLICE_X6Y106    A/out_reg[13]/C
High Pulse Width  Fast    FDRE/C              n/a            0.500         5.000       4.500      SLICE_X6Y106    A/out_reg[13]/C



--------------------------------------------------------------------------------------
Path Group:  (none)
From Clock:  
  To Clock:  

Max Delay            16 Endpoints
Min Delay            16 Endpoints
--------------------------------------------------------------------------------------


Max Delay Paths
--------------------------------------------------------------------------------------
Slack:                    inf
  Source:                 regsel[1]
                            (input port)
  Destination:            disp[14]
                            (output port)
  Path Group:             (none)
  Path Type:              Max at Slow Process Corner
  Data Path Delay:        10.780ns  (logic 4.975ns (46.151%)  route 5.805ns (53.849%))
  Logic Levels:           5  (IBUF=1 LUT6=1 MUXF7=1 MUXF8=1 OBUF=1)

    Location             Delay type                Incr(ns)  Path(ns)    Netlist Resource(s)
  -------------------------------------------------------------------    -------------------
    R15                                               0.000     0.000 r  regsel[1] (IN)
                         net (fo=0)                   0.000     0.000    regsel[1]
    R15                  IBUF (Prop_ibuf_I_O)         1.325     1.325 r  regsel_IBUF[1]_inst/O
                         net (fo=64, routed)          3.195     4.521    reg_bank/R15/regsel_IBUF[1]
    SLICE_X6Y108         LUT6 (Prop_lut6_I2_O)        0.097     4.618 r  reg_bank/R15/disp_OBUF[14]_inst_i_7/O
                         net (fo=1, routed)           0.000     4.618    reg_bank/R11/disp_OBUF[14]_inst_i_1
    SLICE_X6Y108         MUXF7 (Prop_muxf7_I1_O)      0.160     4.778 r  reg_bank/R11/disp_OBUF[14]_inst_i_3/O
                         net (fo=1, routed)           0.000     4.778    reg_bank/R3/disp[14]
    SLICE_X6Y108         MUXF8 (Prop_muxf8_I1_O)      0.067     4.845 r  reg_bank/R3/disp_OBUF[14]_inst_i_1/O
                         net (fo=1, routed)           2.609     7.454    disp_OBUF[14]
    V12                  OBUF (Prop_obuf_I_O)         3.326    10.780 r  disp_OBUF[14]_inst/O
                         net (fo=0)                   0.000    10.780    disp[14]
    V12                                                               r  disp[14] (OUT)
  -------------------------------------------------------------------    -------------------

Slack:                    inf
  Source:                 regsel[2]
                            (input port)
  Destination:            disp[12]
                            (output port)
  Path Group:             (none)
  Path Type:              Max at Slow Process Corner
  Data Path Delay:        10.671ns  (logic 4.932ns (46.218%)  route 5.739ns (53.782%))
  Logic Levels:           4  (IBUF=1 MUXF7=1 MUXF8=1 OBUF=1)

    Location             Delay type                Incr(ns)  Path(ns)    Netlist Resource(s)
  -------------------------------------------------------------------    -------------------
    R17                                               0.000     0.000 r  regsel[2] (IN)
                         net (fo=0)                   0.000     0.000    regsel[2]
    R17                  IBUF (Prop_ibuf_I_O)         1.341     1.341 r  regsel_IBUF[2]_inst/O
                         net (fo=32, routed)          3.233     4.573    reg_bank/R11/regsel_IBUF[2]
    SLICE_X11Y105        MUXF7 (Prop_muxf7_S_O)       0.203     4.776 r  reg_bank/R11/disp_OBUF[12]_inst_i_3/O
                         net (fo=1, routed)           0.000     4.776    reg_bank/R3/disp[12]
    SLICE_X11Y105        MUXF8 (Prop_muxf8_I1_O)      0.072     4.848 r  reg_bank/R3/disp_OBUF[12]_inst_i_1/O
                         net (fo=1, routed)           2.506     7.354    disp_OBUF[12]
    V15                  OBUF (Prop_obuf_I_O)         3.316    10.671 r  disp_OBUF[12]_inst/O
                         net (fo=0)                   0.000    10.671    disp[12]
    V15                                                               r  disp[12] (OUT)
  -------------------------------------------------------------------    -------------------

Slack:                    inf
  Source:                 regsel[1]
                            (input port)
  Destination:            disp[7]
                            (output port)
  Path Group:             (none)
  Path Type:              Max at Slow Process Corner
  Data Path Delay:        10.579ns  (logic 4.999ns (47.253%)  route 5.580ns (52.747%))
  Logic Levels:           5  (IBUF=1 LUT5=1 MUXF7=1 MUXF8=1 OBUF=1)

    Location             Delay type                Incr(ns)  Path(ns)    Netlist Resource(s)
  -------------------------------------------------------------------    -------------------
    R15                                               0.000     0.000 r  regsel[1] (IN)
                         net (fo=0)                   0.000     0.000    regsel[1]
    R15                  IBUF (Prop_ibuf_I_O)         1.325     1.325 r  regsel_IBUF[1]_inst/O
                         net (fo=64, routed)          3.023     4.348    reg_bank/R3/regsel_IBUF[1]
    SLICE_X11Y106        LUT5 (Prop_lut5_I2_O)        0.097     4.445 r  reg_bank/R3/disp_OBUF[7]_inst_i_4/O
                         net (fo=1, routed)           0.000     4.445    reg_bank/R3/disp_OBUF[7]_inst_i_4_n_0
    SLICE_X11Y106        MUXF7 (Prop_muxf7_I0_O)      0.181     4.626 r  reg_bank/R3/disp_OBUF[7]_inst_i_2/O
                         net (fo=1, routed)           0.000     4.626    reg_bank/R3/disp_OBUF[7]_inst_i_2_n_0
    SLICE_X11Y106        MUXF8 (Prop_muxf8_I0_O)      0.076     4.702 r  reg_bank/R3/disp_OBUF[7]_inst_i_1/O
                         net (fo=1, routed)           2.557     7.259    disp_OBUF[7]
    U16                  OBUF (Prop_obuf_I_O)         3.320    10.579 r  disp_OBUF[7]_inst/O
                         net (fo=0)                   0.000    10.579    disp[7]
    U16                                                               r  disp[7] (OUT)
  -------------------------------------------------------------------    -------------------

Slack:                    inf
  Source:                 regsel[1]
                            (input port)
  Destination:            disp[13]
                            (output port)
  Path Group:             (none)
  Path Type:              Max at Slow Process Corner
  Data Path Delay:        10.519ns  (logic 5.005ns (47.577%)  route 5.515ns (52.423%))
  Logic Levels:           5  (IBUF=1 LUT6=1 MUXF7=1 MUXF8=1 OBUF=1)

    Location             Delay type                Incr(ns)  Path(ns)    Netlist Resource(s)
  -------------------------------------------------------------------    -------------------
    R15                                               0.000     0.000 r  regsel[1] (IN)
                         net (fo=0)                   0.000     0.000    regsel[1]
    R15                  IBUF (Prop_ibuf_I_O)         1.325     1.325 r  regsel_IBUF[1]_inst/O
                         net (fo=64, routed)          2.860     4.186    reg_bank/R7/regsel_IBUF[1]
    SLICE_X5Y106         LUT6 (Prop_lut6_I2_O)        0.097     4.283 r  reg_bank/R7/disp_OBUF[13]_inst_i_5/O
                         net (fo=1, routed)           0.000     4.283    reg_bank/R3/disp_OBUF[13]_inst_i_1_0
    SLICE_X5Y106         MUXF7 (Prop_muxf7_I1_O)      0.188     4.471 r  reg_bank/R3/disp_OBUF[13]_inst_i_2/O
                         net (fo=1, routed)           0.000     4.471    reg_bank/R3/disp_OBUF[13]_inst_i_2_n_0
    SLICE_X5Y106         MUXF8 (Prop_muxf8_I0_O)      0.076     4.547 r  reg_bank/R3/disp_OBUF[13]_inst_i_1/O
                         net (fo=1, routed)           2.654     7.201    disp_OBUF[13]
    V14                  OBUF (Prop_obuf_I_O)         3.319    10.519 r  disp_OBUF[13]_inst/O
                         net (fo=0)                   0.000    10.519    disp[13]
    V14                                                               r  disp[13] (OUT)
  -------------------------------------------------------------------    -------------------

Slack:                    inf
  Source:                 regsel[1]
                            (input port)
  Destination:            disp[15]
                            (output port)
  Path Group:             (none)
  Path Type:              Max at Slow Process Corner
  Data Path Delay:        10.399ns  (logic 4.991ns (47.991%)  route 5.408ns (52.009%))
  Logic Levels:           5  (IBUF=1 LUT6=1 MUXF7=1 MUXF8=1 OBUF=1)

    Location             Delay type                Incr(ns)  Path(ns)    Netlist Resource(s)
  -------------------------------------------------------------------    -------------------
    R15                                               0.000     0.000 r  regsel[1] (IN)
                         net (fo=0)                   0.000     0.000    regsel[1]
    R15                  IBUF (Prop_ibuf_I_O)         1.325     1.325 r  regsel_IBUF[1]_inst/O
                         net (fo=64, routed)          2.797     4.122    reg_bank/R11/regsel_IBUF[1]
    SLICE_X0Y107         LUT6 (Prop_lut6_I2_O)        0.097     4.219 r  reg_bank/R11/disp_OBUF[15]_inst_i_6/O
                         net (fo=1, routed)           0.000     4.219    reg_bank/R11/disp_OBUF[15]_inst_i_6_n_0
    SLICE_X0Y107         MUXF7 (Prop_muxf7_I0_O)      0.163     4.382 r  reg_bank/R11/disp_OBUF[15]_inst_i_3/O
                         net (fo=1, routed)           0.000     4.382    reg_bank/R3/disp[15]
    SLICE_X0Y107         MUXF8 (Prop_muxf8_I1_O)      0.072     4.454 r  reg_bank/R3/disp_OBUF[15]_inst_i_1/O
                         net (fo=1, routed)           2.612     7.066    disp_OBUF[15]
    V11                  OBUF (Prop_obuf_I_O)         3.333    10.399 r  disp_OBUF[15]_inst/O
                         net (fo=0)                   0.000    10.399    disp[15]
    V11                                                               r  disp[15] (OUT)
  -------------------------------------------------------------------    -------------------

Slack:                    inf
  Source:                 regsel[1]
                            (input port)
  Destination:            disp[5]
                            (output port)
  Path Group:             (none)
  Path Type:              Max at Slow Process Corner
  Data Path Delay:        10.159ns  (logic 4.973ns (48.957%)  route 5.185ns (51.043%))
  Logic Levels:           5  (IBUF=1 LUT6=1 MUXF7=1 MUXF8=1 OBUF=1)

    Location             Delay type                Incr(ns)  Path(ns)    Netlist Resource(s)
  -------------------------------------------------------------------    -------------------
    R15                                               0.000     0.000 r  regsel[1] (IN)
                         net (fo=0)                   0.000     0.000    regsel[1]
    R15                  IBUF (Prop_ibuf_I_O)         1.325     1.325 r  regsel_IBUF[1]_inst/O
                         net (fo=64, routed)          2.712     4.037    reg_bank/R11/regsel_IBUF[1]
    SLICE_X4Y106         LUT6 (Prop_lut6_I2_O)        0.097     4.134 r  reg_bank/R11/disp_OBUF[5]_inst_i_6/O
                         net (fo=1, routed)           0.000     4.134    reg_bank/R11/disp_OBUF[5]_inst_i_6_n_0
    SLICE_X4Y106         MUXF7 (Prop_muxf7_I0_O)      0.163     4.297 r  reg_bank/R11/disp_OBUF[5]_inst_i_3/O
                         net (fo=1, routed)           0.000     4.297    reg_bank/R3/disp[5]
    SLICE_X4Y106         MUXF8 (Prop_muxf8_I1_O)      0.072     4.369 r  reg_bank/R3/disp_OBUF[5]_inst_i_1/O
                         net (fo=1, routed)           2.474     6.843    disp_OBUF[5]
    V17                  OBUF (Prop_obuf_I_O)         3.316    10.159 r  disp_OBUF[5]_inst/O
                         net (fo=0)                   0.000    10.159    disp[5]
    V17                                                               r  disp[5] (OUT)
  -------------------------------------------------------------------    -------------------

Slack:                    inf
  Source:                 regsel[1]
                            (input port)
  Destination:            disp[11]
                            (output port)
  Path Group:             (none)
  Path Type:              Max at Slow Process Corner
  Data Path Delay:        10.144ns  (logic 4.982ns (49.111%)  route 5.162ns (50.889%))
  Logic Levels:           5  (IBUF=1 LUT6=1 MUXF7=1 MUXF8=1 OBUF=1)

    Location             Delay type                Incr(ns)  Path(ns)    Netlist Resource(s)
  -------------------------------------------------------------------    -------------------
    R15                                               0.000     0.000 r  regsel[1] (IN)
                         net (fo=0)                   0.000     0.000    regsel[1]
    R15                  IBUF (Prop_ibuf_I_O)         1.325     1.325 r  regsel_IBUF[1]_inst/O
                         net (fo=64, routed)          2.935     4.261    reg_bank/R7/regsel_IBUF[1]
    SLICE_X0Y109         LUT6 (Prop_lut6_I2_O)        0.097     4.358 r  reg_bank/R7/disp_OBUF[11]_inst_i_5/O
                         net (fo=1, routed)           0.000     4.358    reg_bank/R3/disp_OBUF[11]_inst_i_1_0
    SLICE_X0Y109         MUXF7 (Prop_muxf7_I1_O)      0.188     4.546 r  reg_bank/R3/disp_OBUF[11]_inst_i_2/O
                         net (fo=1, routed)           0.000     4.546    reg_bank/R3/disp_OBUF[11]_inst_i_2_n_0
    SLICE_X0Y109         MUXF8 (Prop_muxf8_I0_O)      0.076     4.622 r  reg_bank/R3/disp_OBUF[11]_inst_i_1/O
                         net (fo=1, routed)           2.227     6.849    disp_OBUF[11]
    T16                  OBUF (Prop_obuf_I_O)         3.296    10.144 r  disp_OBUF[11]_inst/O
                         net (fo=0)                   0.000    10.144    disp[11]
    T16                                                               r  disp[11] (OUT)
  -------------------------------------------------------------------    -------------------

Slack:                    inf
  Source:                 regsel[1]
                            (input port)
  Destination:            disp[10]
                            (output port)
  Path Group:             (none)
  Path Type:              Max at Slow Process Corner
  Data Path Delay:        10.055ns  (logic 4.996ns (49.687%)  route 5.059ns (50.313%))
  Logic Levels:           5  (IBUF=1 LUT5=1 MUXF7=1 MUXF8=1 OBUF=1)

    Location             Delay type                Incr(ns)  Path(ns)    Netlist Resource(s)
  -------------------------------------------------------------------    -------------------
    R15                                               0.000     0.000 r  regsel[1] (IN)
                         net (fo=0)                   0.000     0.000    regsel[1]
    R15                  IBUF (Prop_ibuf_I_O)         1.325     1.325 r  regsel_IBUF[1]_inst/O
                         net (fo=64, routed)          2.438     3.763    reg_bank/R3/regsel_IBUF[1]
    SLICE_X3Y104         LUT5 (Prop_lut5_I2_O)        0.097     3.860 r  reg_bank/R3/disp_OBUF[10]_inst_i_4/O
                         net (fo=1, routed)           0.000     3.860    reg_bank/R3/disp_OBUF[10]_inst_i_4_n_0
    SLICE_X3Y104         MUXF7 (Prop_muxf7_I0_O)      0.181     4.041 r  reg_bank/R3/disp_OBUF[10]_inst_i_2/O
                         net (fo=1, routed)           0.000     4.041    reg_bank/R3/disp_OBUF[10]_inst_i_2_n_0
    SLICE_X3Y104         MUXF8 (Prop_muxf8_I0_O)      0.076     4.117 r  reg_bank/R3/disp_OBUF[10]_inst_i_1/O
                         net (fo=1, routed)           2.621     6.738    disp_OBUF[10]
    U14                  OBUF (Prop_obuf_I_O)         3.317    10.055 r  disp_OBUF[10]_inst/O
                         net (fo=0)                   0.000    10.055    disp[10]
    U14                                                               r  disp[10] (OUT)
  -------------------------------------------------------------------    -------------------

Slack:                    inf
  Source:                 regsel[1]
                            (input port)
  Destination:            disp[3]
                            (output port)
  Path Group:             (none)
  Path Type:              Max at Slow Process Corner
  Data Path Delay:        9.986ns  (logic 4.976ns (49.833%)  route 5.009ns (50.167%))
  Logic Levels:           5  (IBUF=1 LUT6=1 MUXF7=1 MUXF8=1 OBUF=1)

    Location             Delay type                Incr(ns)  Path(ns)    Netlist Resource(s)
  -------------------------------------------------------------------    -------------------
    R15                                               0.000     0.000 r  regsel[1] (IN)
                         net (fo=0)                   0.000     0.000    regsel[1]
    R15                  IBUF (Prop_ibuf_I_O)         1.325     1.325 r  regsel_IBUF[1]_inst/O
                         net (fo=64, routed)          3.072     4.398    reg_bank/R15/regsel_IBUF[1]
    SLICE_X5Y109         LUT6 (Prop_lut6_I2_O)        0.097     4.495 r  reg_bank/R15/disp_OBUF[3]_inst_i_7/O
                         net (fo=1, routed)           0.000     4.495    reg_bank/R11/disp_OBUF[3]_inst_i_1
    SLICE_X5Y109         MUXF7 (Prop_muxf7_I1_O)      0.167     4.662 r  reg_bank/R11/disp_OBUF[3]_inst_i_3/O
                         net (fo=1, routed)           0.000     4.662    reg_bank/R3/disp[3]
    SLICE_X5Y109         MUXF8 (Prop_muxf8_I1_O)      0.072     4.734 r  reg_bank/R3/disp_OBUF[3]_inst_i_1/O
                         net (fo=1, routed)           1.937     6.671    disp_OBUF[3]
    N14                  OBUF (Prop_obuf_I_O)         3.315     9.986 r  disp_OBUF[3]_inst/O
                         net (fo=0)                   0.000     9.986    disp[3]
    N14                                                               r  disp[3] (OUT)
  -------------------------------------------------------------------    -------------------

Slack:                    inf
  Source:                 regsel[1]
                            (input port)
  Destination:            disp[9]
                            (output port)
  Path Group:             (none)
  Path Type:              Max at Slow Process Corner
  Data Path Delay:        9.970ns  (logic 4.955ns (49.697%)  route 5.015ns (50.303%))
  Logic Levels:           5  (IBUF=1 LUT6=1 MUXF7=1 MUXF8=1 OBUF=1)

    Location             Delay type                Incr(ns)  Path(ns)    Netlist Resource(s)
  -------------------------------------------------------------------    -------------------
    R15                                               0.000     0.000 r  regsel[1] (IN)
                         net (fo=0)                   0.000     0.000    regsel[1]
    R15                  IBUF (Prop_ibuf_I_O)         1.325     1.325 r  regsel_IBUF[1]_inst/O
                         net (fo=64, routed)          2.955     4.280    reg_bank/R11/regsel_IBUF[1]
    SLICE_X2Y103         LUT6 (Prop_lut6_I2_O)        0.097     4.377 r  reg_bank/R11/disp_OBUF[9]_inst_i_6/O
                         net (fo=1, routed)           0.000     4.377    reg_bank/R11/disp_OBUF[9]_inst_i_6_n_0
    SLICE_X2Y103         MUXF7 (Prop_muxf7_I0_O)      0.156     4.533 r  reg_bank/R11/disp_OBUF[9]_inst_i_3/O
                         net (fo=1, routed)           0.000     4.533    reg_bank/R3/disp[9]
    SLICE_X2Y103         MUXF8 (Prop_muxf8_I1_O)      0.067     4.600 r  reg_bank/R3/disp_OBUF[9]_inst_i_1/O
                         net (fo=1, routed)           2.061     6.661    disp_OBUF[9]
    T15                  OBUF (Prop_obuf_I_O)         3.310     9.970 r  disp_OBUF[9]_inst/O
                         net (fo=0)                   0.000     9.970    disp[9]
    T15                                                               r  disp[9] (OUT)
  -------------------------------------------------------------------    -------------------





Min Delay Paths
--------------------------------------------------------------------------------------
Slack:                    inf
  Source:                 regsel[3]
                            (input port)
  Destination:            disp[4]
                            (output port)
  Path Group:             (none)
  Path Type:              Min at Fast Process Corner
  Data Path Delay:        2.573ns  (logic 1.664ns (64.691%)  route 0.908ns (35.309%))
  Logic Levels:           3  (IBUF=1 MUXF8=1 OBUF=1)

    Location             Delay type                Incr(ns)  Path(ns)    Netlist Resource(s)
  -------------------------------------------------------------------    -------------------
    T18                                               0.000     0.000 r  regsel[3] (IN)
                         net (fo=0)                   0.000     0.000    regsel[3]
    T18                  IBUF (Prop_ibuf_I_O)         0.265     0.265 r  regsel_IBUF[3]_inst/O
                         net (fo=16, routed)          0.498     0.763    reg_bank/R3/regsel_IBUF[3]
    SLICE_X0Y89          MUXF8 (Prop_muxf8_S_O)       0.080     0.843 r  reg_bank/R3/disp_OBUF[4]_inst_i_1/O
                         net (fo=1, routed)           0.410     1.254    disp_OBUF[4]
    R18                  OBUF (Prop_obuf_I_O)         1.319     2.573 r  disp_OBUF[4]_inst/O
                         net (fo=0)                   0.000     2.573    disp[4]
    R18                                                               r  disp[4] (OUT)
  -------------------------------------------------------------------    -------------------

Slack:                    inf
  Source:                 regsel[0]
                            (input port)
  Destination:            disp[1]
                            (output port)
  Path Group:             (none)
  Path Type:              Min at Fast Process Corner
  Data Path Delay:        2.634ns  (logic 1.682ns (63.869%)  route 0.952ns (36.131%))
  Logic Levels:           5  (IBUF=1 LUT6=1 MUXF7=1 MUXF8=1 OBUF=1)

    Location             Delay type                Incr(ns)  Path(ns)    Netlist Resource(s)
  -------------------------------------------------------------------    -------------------
    M13                                               0.000     0.000 r  regsel[0] (IN)
                         net (fo=0)                   0.000     0.000    regsel[0]
    M13                  IBUF (Prop_ibuf_I_O)         0.253     0.253 r  regsel_IBUF[0]_inst/O
                         net (fo=64, routed)          0.397     0.650    reg_bank/R11/regsel_IBUF[0]
    SLICE_X3Y88          LUT6 (Prop_lut6_I4_O)        0.045     0.695 r  reg_bank/R11/disp_OBUF[1]_inst_i_6/O
                         net (fo=1, routed)           0.000     0.695    reg_bank/R11/disp_OBUF[1]_inst_i_6_n_0
    SLICE_X3Y88          MUXF7 (Prop_muxf7_I0_O)      0.062     0.757 r  reg_bank/R11/disp_OBUF[1]_inst_i_3/O
                         net (fo=1, routed)           0.000     0.757    reg_bank/R3/disp[1]
    SLICE_X3Y88          MUXF8 (Prop_muxf8_I1_O)      0.019     0.776 r  reg_bank/R3/disp_OBUF[1]_inst_i_1/O
                         net (fo=1, routed)           0.554     1.330    disp_OBUF[1]
    K15                  OBUF (Prop_obuf_I_O)         1.303     2.634 r  disp_OBUF[1]_inst/O
                         net (fo=0)                   0.000     2.634    disp[1]
    K15                                                               r  disp[1] (OUT)
  -------------------------------------------------------------------    -------------------

Slack:                    inf
  Source:                 regsel[3]
                            (input port)
  Destination:            disp[8]
                            (output port)
  Path Group:             (none)
  Path Type:              Min at Fast Process Corner
  Data Path Delay:        2.644ns  (logic 1.662ns (62.867%)  route 0.982ns (37.133%))
  Logic Levels:           3  (IBUF=1 MUXF8=1 OBUF=1)

    Location             Delay type                Incr(ns)  Path(ns)    Netlist Resource(s)
  -------------------------------------------------------------------    -------------------
    T18                                               0.000     0.000 r  regsel[3] (IN)
                         net (fo=0)                   0.000     0.000    regsel[3]
    T18                  IBUF (Prop_ibuf_I_O)         0.265     0.265 r  regsel_IBUF[3]_inst/O
                         net (fo=16, routed)          0.337     0.602    reg_bank/R3/regsel_IBUF[3]
    SLICE_X6Y85          MUXF8 (Prop_muxf8_S_O)       0.081     0.683 r  reg_bank/R3/disp_OBUF[8]_inst_i_1/O
                         net (fo=1, routed)           0.645     1.328    disp_OBUF[8]
    V16                  OBUF (Prop_obuf_I_O)         1.316     2.644 r  disp_OBUF[8]_inst/O
                         net (fo=0)                   0.000     2.644    disp[8]
    V16                                                               r  disp[8] (OUT)
  -------------------------------------------------------------------    -------------------

Slack:                    inf
  Source:                 regsel[3]
                            (input port)
  Destination:            disp[2]
                            (output port)
  Path Group:             (none)
  Path Type:              Min at Fast Process Corner
  Data Path Delay:        2.765ns  (logic 1.665ns (60.235%)  route 1.099ns (39.765%))
  Logic Levels:           3  (IBUF=1 MUXF8=1 OBUF=1)

    Location             Delay type                Incr(ns)  Path(ns)    Netlist Resource(s)
  -------------------------------------------------------------------    -------------------
    T18                                               0.000     0.000 r  regsel[3] (IN)
                         net (fo=0)                   0.000     0.000    regsel[3]
    T18                  IBUF (Prop_ibuf_I_O)         0.265     0.265 r  regsel_IBUF[3]_inst/O
                         net (fo=16, routed)          0.423     0.688    reg_bank/R3/regsel_IBUF[3]
    SLICE_X1Y87          MUXF8 (Prop_muxf8_S_O)       0.080     0.768 r  reg_bank/R3/disp_OBUF[2]_inst_i_1/O
                         net (fo=1, routed)           0.677     1.444    disp_OBUF[2]
    J13                  OBUF (Prop_obuf_I_O)         1.320     2.765 r  disp_OBUF[2]_inst/O
                         net (fo=0)                   0.000     2.765    disp[2]
    J13                                                               r  disp[2] (OUT)
  -------------------------------------------------------------------    -------------------

Slack:                    inf
  Source:                 regsel[0]
                            (input port)
  Destination:            disp[0]
                            (output port)
  Path Group:             (none)
  Path Type:              Min at Fast Process Corner
  Data Path Delay:        2.819ns  (logic 1.670ns (59.250%)  route 1.149ns (40.750%))
  Logic Levels:           5  (IBUF=1 LUT6=1 MUXF7=1 MUXF8=1 OBUF=1)

    Location             Delay type                Incr(ns)  Path(ns)    Netlist Resource(s)
  -------------------------------------------------------------------    -------------------
    M13                                               0.000     0.000 r  regsel[0] (IN)
                         net (fo=0)                   0.000     0.000    regsel[0]
    M13                  IBUF (Prop_ibuf_I_O)         0.253     0.253 r  regsel_IBUF[0]_inst/O
                         net (fo=64, routed)          0.419     0.672    reg_bank/R15/regsel_IBUF[0]
    SLICE_X4Y87          LUT6 (Prop_lut6_I4_O)        0.045     0.717 r  reg_bank/R15/disp_OBUF[0]_inst_i_7/O
                         net (fo=1, routed)           0.000     0.717    reg_bank/R11/disp_OBUF[0]_inst_i_1
    SLICE_X4Y87          MUXF7 (Prop_muxf7_I1_O)      0.065     0.782 r  reg_bank/R11/disp_OBUF[0]_inst_i_3/O
                         net (fo=1, routed)           0.000     0.782    reg_bank/R3/disp[0]
    SLICE_X4Y87          MUXF8 (Prop_muxf8_I1_O)      0.019     0.801 r  reg_bank/R3/disp_OBUF[0]_inst_i_1/O
                         net (fo=1, routed)           0.730     1.531    disp_OBUF[0]
    H17                  OBUF (Prop_obuf_I_O)         1.288     2.819 r  disp_OBUF[0]_inst/O
                         net (fo=0)                   0.000     2.819    disp[0]
    H17                                                               r  disp[0] (OUT)
  -------------------------------------------------------------------    -------------------

Slack:                    inf
  Source:                 regsel[3]
                            (input port)
  Destination:            disp[6]
                            (output port)
  Path Group:             (none)
  Path Type:              Min at Fast Process Corner
  Data Path Delay:        2.909ns  (logic 1.668ns (57.338%)  route 1.241ns (42.662%))
  Logic Levels:           3  (IBUF=1 MUXF8=1 OBUF=1)

    Location             Delay type                Incr(ns)  Path(ns)    Netlist Resource(s)
  -------------------------------------------------------------------    -------------------
    T18                                               0.000     0.000 r  regsel[3] (IN)
                         net (fo=0)                   0.000     0.000    regsel[3]
    T18                  IBUF (Prop_ibuf_I_O)         0.265     0.265 r  regsel_IBUF[3]_inst/O
                         net (fo=16, routed)          0.551     0.816    reg_bank/R3/regsel_IBUF[3]
    SLICE_X1Y90          MUXF8 (Prop_muxf8_S_O)       0.080     0.896 r  reg_bank/R3/disp_OBUF[6]_inst_i_1/O
                         net (fo=1, routed)           0.689     1.586    disp_OBUF[6]
    U17                  OBUF (Prop_obuf_I_O)         1.323     2.909 r  disp_OBUF[6]_inst/O
                         net (fo=0)                   0.000     2.909    disp[6]
    U17                                                               r  disp[6] (OUT)
  -------------------------------------------------------------------    -------------------

Slack:                    inf
  Source:                 regsel[0]
                            (input port)
  Destination:            disp[9]
                            (output port)
  Path Group:             (none)
  Path Type:              Min at Fast Process Corner
  Data Path Delay:        3.246ns  (logic 1.702ns (52.429%)  route 1.544ns (47.571%))
  Logic Levels:           5  (IBUF=1 LUT6=1 MUXF7=1 MUXF8=1 OBUF=1)

    Location             Delay type                Incr(ns)  Path(ns)    Netlist Resource(s)
  -------------------------------------------------------------------    -------------------
    M13                                               0.000     0.000 r  regsel[0] (IN)
                         net (fo=0)                   0.000     0.000    regsel[0]
    M13                  IBUF (Prop_ibuf_I_O)         0.253     0.253 r  regsel_IBUF[0]_inst/O
                         net (fo=64, routed)          0.737     0.989    reg_bank/R11/regsel_IBUF[0]
    SLICE_X2Y103         LUT6 (Prop_lut6_I4_O)        0.045     1.034 r  reg_bank/R11/disp_OBUF[9]_inst_i_6/O
                         net (fo=1, routed)           0.000     1.034    reg_bank/R11/disp_OBUF[9]_inst_i_6_n_0
    SLICE_X2Y103         MUXF7 (Prop_muxf7_I0_O)      0.062     1.096 r  reg_bank/R11/disp_OBUF[9]_inst_i_3/O
                         net (fo=1, routed)           0.000     1.096    reg_bank/R3/disp[9]
    SLICE_X2Y103         MUXF8 (Prop_muxf8_I1_O)      0.019     1.115 r  reg_bank/R3/disp_OBUF[9]_inst_i_1/O
                         net (fo=1, routed)           0.808     1.923    disp_OBUF[9]
    T15                  OBUF (Prop_obuf_I_O)         1.323     3.246 r  disp_OBUF[9]_inst/O
                         net (fo=0)                   0.000     3.246    disp[9]
    T15                                                               r  disp[9] (OUT)
  -------------------------------------------------------------------    -------------------

Slack:                    inf
  Source:                 regsel[0]
                            (input port)
  Destination:            disp[3]
                            (output port)
  Path Group:             (none)
  Path Type:              Min at Fast Process Corner
  Data Path Delay:        3.505ns  (logic 1.697ns (48.423%)  route 1.808ns (51.577%))
  Logic Levels:           5  (IBUF=1 LUT6=1 MUXF7=1 MUXF8=1 OBUF=1)

    Location             Delay type                Incr(ns)  Path(ns)    Netlist Resource(s)
  -------------------------------------------------------------------    -------------------
    M13                                               0.000     0.000 r  regsel[0] (IN)
                         net (fo=0)                   0.000     0.000    regsel[0]
    M13                  IBUF (Prop_ibuf_I_O)         0.253     0.253 r  regsel_IBUF[0]_inst/O
                         net (fo=64, routed)          1.085     1.338    reg_bank/R11/regsel_IBUF[0]
    SLICE_X5Y109         LUT6 (Prop_lut6_I4_O)        0.045     1.383 r  reg_bank/R11/disp_OBUF[3]_inst_i_6/O
                         net (fo=1, routed)           0.000     1.383    reg_bank/R11/disp_OBUF[3]_inst_i_6_n_0
    SLICE_X5Y109         MUXF7 (Prop_muxf7_I0_O)      0.062     1.445 r  reg_bank/R11/disp_OBUF[3]_inst_i_3/O
                         net (fo=1, routed)           0.000     1.445    reg_bank/R3/disp[3]
    SLICE_X5Y109         MUXF8 (Prop_muxf8_I1_O)      0.019     1.464 r  reg_bank/R3/disp_OBUF[3]_inst_i_1/O
                         net (fo=1, routed)           0.723     2.187    disp_OBUF[3]
    N14                  OBUF (Prop_obuf_I_O)         1.318     3.505 r  disp_OBUF[3]_inst/O
                         net (fo=0)                   0.000     3.505    disp[3]
    N14                                                               r  disp[3] (OUT)
  -------------------------------------------------------------------    -------------------

Slack:                    inf
  Source:                 regsel[0]
                            (input port)
  Destination:            disp[5]
                            (output port)
  Path Group:             (none)
  Path Type:              Min at Fast Process Corner
  Data Path Delay:        3.600ns  (logic 1.698ns (47.179%)  route 1.902ns (52.821%))
  Logic Levels:           5  (IBUF=1 LUT6=1 MUXF7=1 MUXF8=1 OBUF=1)

    Location             Delay type                Incr(ns)  Path(ns)    Netlist Resource(s)
  -------------------------------------------------------------------    -------------------
    M13                                               0.000     0.000 r  regsel[0] (IN)
                         net (fo=0)                   0.000     0.000    regsel[0]
    M13                  IBUF (Prop_ibuf_I_O)         0.253     0.253 r  regsel_IBUF[0]_inst/O
                         net (fo=64, routed)          0.887     1.140    reg_bank/R11/regsel_IBUF[0]
    SLICE_X4Y106         LUT6 (Prop_lut6_I4_O)        0.045     1.185 r  reg_bank/R11/disp_OBUF[5]_inst_i_6/O
                         net (fo=1, routed)           0.000     1.185    reg_bank/R11/disp_OBUF[5]_inst_i_6_n_0
    SLICE_X4Y106         MUXF7 (Prop_muxf7_I0_O)      0.062     1.247 r  reg_bank/R11/disp_OBUF[5]_inst_i_3/O
                         net (fo=1, routed)           0.000     1.247    reg_bank/R3/disp[5]
    SLICE_X4Y106         MUXF8 (Prop_muxf8_I1_O)      0.019     1.266 r  reg_bank/R3/disp_OBUF[5]_inst_i_1/O
                         net (fo=1, routed)           1.015     2.280    disp_OBUF[5]
    V17                  OBUF (Prop_obuf_I_O)         1.319     3.600 r  disp_OBUF[5]_inst/O
                         net (fo=0)                   0.000     3.600    disp[5]
    V17                                                               r  disp[5] (OUT)
  -------------------------------------------------------------------    -------------------

Slack:                    inf
  Source:                 regsel[0]
                            (input port)
  Destination:            disp[11]
                            (output port)
  Path Group:             (none)
  Path Type:              Min at Fast Process Corner
  Data Path Delay:        3.666ns  (logic 1.678ns (45.777%)  route 1.988ns (54.223%))
  Logic Levels:           5  (IBUF=1 LUT6=1 MUXF7=1 MUXF8=1 OBUF=1)

    Location             Delay type                Incr(ns)  Path(ns)    Netlist Resource(s)
  -------------------------------------------------------------------    -------------------
    M13                                               0.000     0.000 r  regsel[0] (IN)
                         net (fo=0)                   0.000     0.000    regsel[0]
    M13                  IBUF (Prop_ibuf_I_O)         0.253     0.253 r  regsel_IBUF[0]_inst/O
                         net (fo=64, routed)          1.095     1.348    reg_bank/R11/regsel_IBUF[0]
    SLICE_X0Y109         LUT6 (Prop_lut6_I4_O)        0.045     1.393 r  reg_bank/R11/disp_OBUF[11]_inst_i_6/O
                         net (fo=1, routed)           0.000     1.393    reg_bank/R11/disp_OBUF[11]_inst_i_6_n_0
    SLICE_X0Y109         MUXF7 (Prop_muxf7_I0_O)      0.062     1.455 r  reg_bank/R11/disp_OBUF[11]_inst_i_3/O
                         net (fo=1, routed)           0.000     1.455    reg_bank/R3/disp[11]
    SLICE_X0Y109         MUXF8 (Prop_muxf8_I1_O)      0.019     1.474 r  reg_bank/R3/disp_OBUF[11]_inst_i_1/O
                         net (fo=1, routed)           0.893     2.367    disp_OBUF[11]
    T16                  OBUF (Prop_obuf_I_O)         1.299     3.666 r  disp_OBUF[11]_inst/O
                         net (fo=0)                   0.000     3.666    disp[11]
    T16                                                               r  disp[11] (OUT)
  -------------------------------------------------------------------    -------------------





--------------------------------------------------------------------------------------
Path Group:  (none)
From Clock:  sys_clk_pin
  To Clock:  

Max Delay            16 Endpoints
Min Delay            16 Endpoints
--------------------------------------------------------------------------------------


Max Delay Paths
--------------------------------------------------------------------------------------
Slack:                    inf
  Source:                 reg_bank/R4/out_reg[10]/C
                            (falling edge-triggered cell FDRE clocked by sys_clk_pin  {rise@0.000ns fall@5.000ns period=10.000ns})
  Destination:            disp[10]
                            (output port)
  Path Group:             (none)
  Path Type:              Max at Slow Process Corner
  Data Path Delay:        7.753ns  (logic 4.025ns (51.911%)  route 3.728ns (48.089%))
  Logic Levels:           4  (LUT6=1 MUXF7=1 MUXF8=1 OBUF=1)
  Clock Uncertainty:      0.025ns  ((TSJ^2 + TIJ^2)^1/2 + DJ) / 2 + PE
    Total System Jitter     (TSJ):    0.050ns
    Total Input Jitter      (TIJ):    0.000ns
    Discrete Jitter          (DJ):    0.000ns
    Phase Error              (PE):    0.000ns

    Location             Delay type                Incr(ns)  Path(ns)    Netlist Resource(s)
  -------------------------------------------------------------------    -------------------
                         (clock sys_clk_pin fall edge)
                                                      5.000     5.000 f  
    E3                                                0.000     5.000 f  dclk (IN)
                         net (fo=0)                   0.000     5.000    dclk
    E3                   IBUF (Prop_ibuf_I_O)         1.330     6.330 f  dclk_IBUF_inst/O
                         net (fo=1, routed)           1.525     7.855    dclk_IBUF
    BUFGCTRL_X0Y16       BUFG (Prop_bufg_I_O)         0.076     7.931 f  dclk_IBUF_BUFG_inst/O
                         net (fo=712, routed)         1.300     9.231    reg_bank/R4/CLK
    SLICE_X3Y101         FDRE                                         r  reg_bank/R4/out_reg[10]/C  (IS_INVERTED)
  -------------------------------------------------------------------    -------------------
    SLICE_X3Y101         FDRE (Prop_fdre_C_Q)         0.347     9.578 r  reg_bank/R4/out_reg[10]/Q
                         net (fo=3, routed)           1.108    10.686    reg_bank/R7/out_reg[31]_i_3_0[10]
    SLICE_X3Y104         LUT6 (Prop_lut6_I5_O)        0.097    10.783 r  reg_bank/R7/disp_OBUF[10]_inst_i_5/O
                         net (fo=1, routed)           0.000    10.783    reg_bank/R3/disp_OBUF[10]_inst_i_1_0
    SLICE_X3Y104         MUXF7 (Prop_muxf7_I1_O)      0.188    10.971 r  reg_bank/R3/disp_OBUF[10]_inst_i_2/O
                         net (fo=1, routed)           0.000    10.971    reg_bank/R3/disp_OBUF[10]_inst_i_2_n_0
    SLICE_X3Y104         MUXF8 (Prop_muxf8_I0_O)      0.076    11.047 r  reg_bank/R3/disp_OBUF[10]_inst_i_1/O
                         net (fo=1, routed)           2.621    13.667    disp_OBUF[10]
    U14                  OBUF (Prop_obuf_I_O)         3.317    16.984 r  disp_OBUF[10]_inst/O
                         net (fo=0)                   0.000    16.984    disp[10]
    U14                                                               r  disp[10] (OUT)
  -------------------------------------------------------------------    -------------------

Slack:                    inf
  Source:                 reg_bank/R1/out_reg[14]/C
                            (falling edge-triggered cell FDRE clocked by sys_clk_pin  {rise@0.000ns fall@5.000ns period=10.000ns})
  Destination:            disp[14]
                            (output port)
  Path Group:             (none)
  Path Type:              Max at Slow Process Corner
  Data Path Delay:        7.636ns  (logic 4.027ns (52.732%)  route 3.610ns (47.268%))
  Logic Levels:           4  (LUT5=1 MUXF7=1 MUXF8=1 OBUF=1)
  Clock Uncertainty:      0.025ns  ((TSJ^2 + TIJ^2)^1/2 + DJ) / 2 + PE
    Total System Jitter     (TSJ):    0.050ns
    Total Input Jitter      (TIJ):    0.000ns
    Discrete Jitter          (DJ):    0.000ns
    Phase Error              (PE):    0.000ns

    Location             Delay type                Incr(ns)  Path(ns)    Netlist Resource(s)
  -------------------------------------------------------------------    -------------------
                         (clock sys_clk_pin fall edge)
                                                      5.000     5.000 f  
    E3                                                0.000     5.000 f  dclk (IN)
                         net (fo=0)                   0.000     5.000    dclk
    E3                   IBUF (Prop_ibuf_I_O)         1.330     6.330 f  dclk_IBUF_inst/O
                         net (fo=1, routed)           1.525     7.855    dclk_IBUF
    BUFGCTRL_X0Y16       BUFG (Prop_bufg_I_O)         0.076     7.931 f  dclk_IBUF_BUFG_inst/O
                         net (fo=712, routed)         1.298     9.229    reg_bank/R1/CLK
    SLICE_X3Y109         FDRE                                         r  reg_bank/R1/out_reg[14]/C  (IS_INVERTED)
  -------------------------------------------------------------------    -------------------
    SLICE_X3Y109         FDRE (Prop_fdre_C_Q)         0.347     9.576 r  reg_bank/R1/out_reg[14]/Q
                         net (fo=3, routed)           1.000    10.576    reg_bank/R3/out_reg[31]_i_3_0[14]
    SLICE_X6Y108         LUT5 (Prop_lut5_I4_O)        0.097    10.673 r  reg_bank/R3/disp_OBUF[14]_inst_i_4/O
                         net (fo=1, routed)           0.000    10.673    reg_bank/R3/disp_OBUF[14]_inst_i_4_n_0
    SLICE_X6Y108         MUXF7 (Prop_muxf7_I0_O)      0.182    10.855 r  reg_bank/R3/disp_OBUF[14]_inst_i_2/O
                         net (fo=1, routed)           0.000    10.855    reg_bank/R3/disp_OBUF[14]_inst_i_2_n_0
    SLICE_X6Y108         MUXF8 (Prop_muxf8_I0_O)      0.075    10.930 r  reg_bank/R3/disp_OBUF[14]_inst_i_1/O
                         net (fo=1, routed)           2.609    13.539    disp_OBUF[14]
    V12                  OBUF (Prop_obuf_I_O)         3.326    16.865 r  disp_OBUF[14]_inst/O
                         net (fo=0)                   0.000    16.865    disp[14]
    V12                                                               r  disp[14] (OUT)
  -------------------------------------------------------------------    -------------------

Slack:                    inf
  Source:                 reg_bank/R6/out_reg[15]/C
                            (falling edge-triggered cell FDRE clocked by sys_clk_pin  {rise@0.000ns fall@5.000ns period=10.000ns})
  Destination:            disp[15]
                            (output port)
  Path Group:             (none)
  Path Type:              Max at Slow Process Corner
  Data Path Delay:        7.593ns  (logic 4.041ns (53.228%)  route 3.551ns (46.772%))
  Logic Levels:           4  (LUT6=1 MUXF7=1 MUXF8=1 OBUF=1)
  Clock Uncertainty:      0.025ns  ((TSJ^2 + TIJ^2)^1/2 + DJ) / 2 + PE
    Total System Jitter     (TSJ):    0.050ns
    Total Input Jitter      (TIJ):    0.000ns
    Discrete Jitter          (DJ):    0.000ns
    Phase Error              (PE):    0.000ns

    Location             Delay type                Incr(ns)  Path(ns)    Netlist Resource(s)
  -------------------------------------------------------------------    -------------------
                         (clock sys_clk_pin fall edge)
                                                      5.000     5.000 f  
    E3                                                0.000     5.000 f  dclk (IN)
                         net (fo=0)                   0.000     5.000    dclk
    E3                   IBUF (Prop_ibuf_I_O)         1.330     6.330 f  dclk_IBUF_inst/O
                         net (fo=1, routed)           1.525     7.855    dclk_IBUF
    BUFGCTRL_X0Y16       BUFG (Prop_bufg_I_O)         0.076     7.931 f  dclk_IBUF_BUFG_inst/O
                         net (fo=712, routed)         1.297     9.228    reg_bank/R6/CLK
    SLICE_X4Y109         FDRE                                         r  reg_bank/R6/out_reg[15]/C  (IS_INVERTED)
  -------------------------------------------------------------------    -------------------
    SLICE_X4Y109         FDRE (Prop_fdre_C_Q)         0.347     9.575 r  reg_bank/R6/out_reg[15]/Q
                         net (fo=3, routed)           0.939    10.514    reg_bank/R7/Q[15]
    SLICE_X0Y107         LUT6 (Prop_lut6_I1_O)        0.097    10.611 r  reg_bank/R7/disp_OBUF[15]_inst_i_5/O
                         net (fo=1, routed)           0.000    10.611    reg_bank/R3/disp_OBUF[15]_inst_i_1_0
    SLICE_X0Y107         MUXF7 (Prop_muxf7_I1_O)      0.188    10.799 r  reg_bank/R3/disp_OBUF[15]_inst_i_2/O
                         net (fo=1, routed)           0.000    10.799    reg_bank/R3/disp_OBUF[15]_inst_i_2_n_0
    SLICE_X0Y107         MUXF8 (Prop_muxf8_I0_O)      0.076    10.875 r  reg_bank/R3/disp_OBUF[15]_inst_i_1/O
                         net (fo=1, routed)           2.612    13.487    disp_OBUF[15]
    V11                  OBUF (Prop_obuf_I_O)         3.333    16.820 r  disp_OBUF[15]_inst/O
                         net (fo=0)                   0.000    16.820    disp[15]
    V11                                                               r  disp[15] (OUT)
  -------------------------------------------------------------------    -------------------

Slack:                    inf
  Source:                 reg_bank/R3/out_reg[12]/C
                            (falling edge-triggered cell FDRE clocked by sys_clk_pin  {rise@0.000ns fall@5.000ns period=10.000ns})
  Destination:            disp[12]
                            (output port)
  Path Group:             (none)
  Path Type:              Max at Slow Process Corner
  Data Path Delay:        7.599ns  (logic 4.066ns (53.510%)  route 3.533ns (46.490%))
  Logic Levels:           4  (LUT5=1 MUXF7=1 MUXF8=1 OBUF=1)
  Clock Uncertainty:      0.025ns  ((TSJ^2 + TIJ^2)^1/2 + DJ) / 2 + PE
    Total System Jitter     (TSJ):    0.050ns
    Total Input Jitter      (TIJ):    0.000ns
    Discrete Jitter          (DJ):    0.000ns
    Phase Error              (PE):    0.000ns

    Location             Delay type                Incr(ns)  Path(ns)    Netlist Resource(s)
  -------------------------------------------------------------------    -------------------
                         (clock sys_clk_pin fall edge)
                                                      5.000     5.000 f  
    E3                                                0.000     5.000 f  dclk (IN)
                         net (fo=0)                   0.000     5.000    dclk
    E3                   IBUF (Prop_ibuf_I_O)         1.330     6.330 f  dclk_IBUF_inst/O
                         net (fo=1, routed)           1.525     7.855    dclk_IBUF
    BUFGCTRL_X0Y16       BUFG (Prop_bufg_I_O)         0.076     7.931 f  dclk_IBUF_BUFG_inst/O
                         net (fo=712, routed)         1.239     9.170    reg_bank/R3/CLK
    SLICE_X12Y101        FDRE                                         r  reg_bank/R3/out_reg[12]/C  (IS_INVERTED)
  -------------------------------------------------------------------    -------------------
    SLICE_X12Y101        FDRE (Prop_fdre_C_Q)         0.396     9.566 r  reg_bank/R3/out_reg[12]/Q
                         net (fo=3, routed)           1.026    10.592    reg_bank/R3/out_reg_n_0_[12]
    SLICE_X11Y105        LUT5 (Prop_lut5_I0_O)        0.097    10.689 r  reg_bank/R3/disp_OBUF[12]_inst_i_4/O
                         net (fo=1, routed)           0.000    10.689    reg_bank/R3/disp_OBUF[12]_inst_i_4_n_0
    SLICE_X11Y105        MUXF7 (Prop_muxf7_I0_O)      0.181    10.870 r  reg_bank/R3/disp_OBUF[12]_inst_i_2/O
                         net (fo=1, routed)           0.000    10.870    reg_bank/R3/disp_OBUF[12]_inst_i_2_n_0
    SLICE_X11Y105        MUXF8 (Prop_muxf8_I0_O)      0.076    10.946 r  reg_bank/R3/disp_OBUF[12]_inst_i_1/O
                         net (fo=1, routed)           2.506    13.453    disp_OBUF[12]
    V15                  OBUF (Prop_obuf_I_O)         3.316    16.769 r  disp_OBUF[12]_inst/O
                         net (fo=0)                   0.000    16.769    disp[12]
    V15                                                               r  disp[12] (OUT)
  -------------------------------------------------------------------    -------------------

Slack:                    inf
  Source:                 reg_bank/R2/out_reg[7]/C
                            (falling edge-triggered cell FDRE clocked by sys_clk_pin  {rise@0.000ns fall@5.000ns period=10.000ns})
  Destination:            disp[7]
                            (output port)
  Path Group:             (none)
  Path Type:              Max at Slow Process Corner
  Data Path Delay:        7.383ns  (logic 4.021ns (54.458%)  route 3.362ns (45.542%))
  Logic Levels:           4  (LUT5=1 MUXF7=1 MUXF8=1 OBUF=1)
  Clock Uncertainty:      0.025ns  ((TSJ^2 + TIJ^2)^1/2 + DJ) / 2 + PE
    Total System Jitter     (TSJ):    0.050ns
    Total Input Jitter      (TIJ):    0.000ns
    Discrete Jitter          (DJ):    0.000ns
    Phase Error              (PE):    0.000ns

    Location             Delay type                Incr(ns)  Path(ns)    Netlist Resource(s)
  -------------------------------------------------------------------    -------------------
                         (clock sys_clk_pin fall edge)
                                                      5.000     5.000 f  
    E3                                                0.000     5.000 f  dclk (IN)
                         net (fo=0)                   0.000     5.000    dclk
    E3                   IBUF (Prop_ibuf_I_O)         1.330     6.330 f  dclk_IBUF_inst/O
                         net (fo=1, routed)           1.525     7.855    dclk_IBUF
    BUFGCTRL_X0Y16       BUFG (Prop_bufg_I_O)         0.076     7.931 f  dclk_IBUF_BUFG_inst/O
                         net (fo=712, routed)         1.299     9.230    reg_bank/R2/CLK
    SLICE_X7Y105         FDRE                                         r  reg_bank/R2/out_reg[7]/C  (IS_INVERTED)
  -------------------------------------------------------------------    -------------------
    SLICE_X7Y105         FDRE (Prop_fdre_C_Q)         0.347     9.577 r  reg_bank/R2/out_reg[7]/Q
                         net (fo=3, routed)           0.805    10.382    reg_bank/R3/Q[7]
    SLICE_X11Y106        LUT5 (Prop_lut5_I1_O)        0.097    10.479 r  reg_bank/R3/disp_OBUF[7]_inst_i_4/O
                         net (fo=1, routed)           0.000    10.479    reg_bank/R3/disp_OBUF[7]_inst_i_4_n_0
    SLICE_X11Y106        MUXF7 (Prop_muxf7_I0_O)      0.181    10.660 r  reg_bank/R3/disp_OBUF[7]_inst_i_2/O
                         net (fo=1, routed)           0.000    10.660    reg_bank/R3/disp_OBUF[7]_inst_i_2_n_0
    SLICE_X11Y106        MUXF8 (Prop_muxf8_I0_O)      0.076    10.736 r  reg_bank/R3/disp_OBUF[7]_inst_i_1/O
                         net (fo=1, routed)           2.557    13.293    disp_OBUF[7]
    U16                  OBUF (Prop_obuf_I_O)         3.320    16.613 r  disp_OBUF[7]_inst/O
                         net (fo=0)                   0.000    16.613    disp[7]
    U16                                                               r  disp[7] (OUT)
  -------------------------------------------------------------------    -------------------

Slack:                    inf
  Source:                 reg_bank/R2/out_reg[13]/C
                            (falling edge-triggered cell FDRE clocked by sys_clk_pin  {rise@0.000ns fall@5.000ns period=10.000ns})
  Destination:            disp[13]
                            (output port)
  Path Group:             (none)
  Path Type:              Max at Slow Process Corner
  Data Path Delay:        7.367ns  (logic 4.020ns (54.563%)  route 3.347ns (45.437%))
  Logic Levels:           4  (LUT5=1 MUXF7=1 MUXF8=1 OBUF=1)
  Clock Uncertainty:      0.025ns  ((TSJ^2 + TIJ^2)^1/2 + DJ) / 2 + PE
    Total System Jitter     (TSJ):    0.050ns
    Total Input Jitter      (TIJ):    0.000ns
    Discrete Jitter          (DJ):    0.000ns
    Phase Error              (PE):    0.000ns

    Location             Delay type                Incr(ns)  Path(ns)    Netlist Resource(s)
  -------------------------------------------------------------------    -------------------
                         (clock sys_clk_pin fall edge)
                                                      5.000     5.000 f  
    E3                                                0.000     5.000 f  dclk (IN)
                         net (fo=0)                   0.000     5.000    dclk
    E3                   IBUF (Prop_ibuf_I_O)         1.330     6.330 f  dclk_IBUF_inst/O
                         net (fo=1, routed)           1.525     7.855    dclk_IBUF
    BUFGCTRL_X0Y16       BUFG (Prop_bufg_I_O)         0.076     7.931 f  dclk_IBUF_BUFG_inst/O
                         net (fo=712, routed)         1.299     9.230    reg_bank/R2/CLK
    SLICE_X7Y105         FDRE                                         r  reg_bank/R2/out_reg[13]/C  (IS_INVERTED)
  -------------------------------------------------------------------    -------------------
    SLICE_X7Y105         FDRE (Prop_fdre_C_Q)         0.347     9.577 r  reg_bank/R2/out_reg[13]/Q
                         net (fo=3, routed)           0.693    10.270    reg_bank/R3/Q[13]
    SLICE_X5Y106         LUT5 (Prop_lut5_I1_O)        0.097    10.367 r  reg_bank/R3/disp_OBUF[13]_inst_i_4/O
                         net (fo=1, routed)           0.000    10.367    reg_bank/R3/disp_OBUF[13]_inst_i_4_n_0
    SLICE_X5Y106         MUXF7 (Prop_muxf7_I0_O)      0.181    10.548 r  reg_bank/R3/disp_OBUF[13]_inst_i_2/O
                         net (fo=1, routed)           0.000    10.548    reg_bank/R3/disp_OBUF[13]_inst_i_2_n_0
    SLICE_X5Y106         MUXF8 (Prop_muxf8_I0_O)      0.076    10.624 r  reg_bank/R3/disp_OBUF[13]_inst_i_1/O
                         net (fo=1, routed)           2.654    13.278    disp_OBUF[13]
    V14                  OBUF (Prop_obuf_I_O)         3.319    16.597 r  disp_OBUF[13]_inst/O
                         net (fo=0)                   0.000    16.597    disp[13]
    V14                                                               r  disp[13] (OUT)
  -------------------------------------------------------------------    -------------------

Slack:                    inf
  Source:                 reg_bank/R5/out_reg[5]/C
                            (falling edge-triggered cell FDRE clocked by sys_clk_pin  {rise@0.000ns fall@5.000ns period=10.000ns})
  Destination:            disp[5]
                            (output port)
  Path Group:             (none)
  Path Type:              Max at Slow Process Corner
  Data Path Delay:        7.225ns  (logic 4.110ns (56.888%)  route 3.115ns (43.112%))
  Logic Levels:           4  (LUT6=1 MUXF7=1 MUXF8=1 OBUF=1)
  Clock Uncertainty:      0.025ns  ((TSJ^2 + TIJ^2)^1/2 + DJ) / 2 + PE
    Total System Jitter     (TSJ):    0.050ns
    Total Input Jitter      (TIJ):    0.000ns
    Discrete Jitter          (DJ):    0.000ns
    Phase Error              (PE):    0.000ns

    Location             Delay type                Incr(ns)  Path(ns)    Netlist Resource(s)
  -------------------------------------------------------------------    -------------------
                         (clock sys_clk_pin fall edge)
                                                      5.000     5.000 f  
    E3                                                0.000     5.000 f  dclk (IN)
                         net (fo=0)                   0.000     5.000    dclk
    E3                   IBUF (Prop_ibuf_I_O)         1.330     6.330 f  dclk_IBUF_inst/O
                         net (fo=1, routed)           1.525     7.855    dclk_IBUF
    BUFGCTRL_X0Y16       BUFG (Prop_bufg_I_O)         0.076     7.931 f  dclk_IBUF_BUFG_inst/O
                         net (fo=712, routed)         1.298     9.229    reg_bank/R5/CLK
    SLICE_X3Y108         FDRE                                         r  reg_bank/R5/out_reg[5]/C  (IS_INVERTED)
  -------------------------------------------------------------------    -------------------
    SLICE_X3Y108         FDRE (Prop_fdre_C_Q)         0.319     9.548 r  reg_bank/R5/out_reg[5]/Q
                         net (fo=3, routed)           0.641    10.189    reg_bank/R7/out_reg[31]_i_3[5]
    SLICE_X4Y106         LUT6 (Prop_lut6_I3_O)        0.211    10.400 r  reg_bank/R7/disp_OBUF[5]_inst_i_5/O
                         net (fo=1, routed)           0.000    10.400    reg_bank/R3/disp_OBUF[5]_inst_i_1_0
    SLICE_X4Y106         MUXF7 (Prop_muxf7_I1_O)      0.188    10.588 r  reg_bank/R3/disp_OBUF[5]_inst_i_2/O
                         net (fo=1, routed)           0.000    10.588    reg_bank/R3/disp_OBUF[5]_inst_i_2_n_0
    SLICE_X4Y106         MUXF8 (Prop_muxf8_I0_O)      0.076    10.664 r  reg_bank/R3/disp_OBUF[5]_inst_i_1/O
                         net (fo=1, routed)           2.474    13.138    disp_OBUF[5]
    V17                  OBUF (Prop_obuf_I_O)         3.316    16.454 r  disp_OBUF[5]_inst/O
                         net (fo=0)                   0.000    16.454    disp[5]
    V17                                                               r  disp[5] (OUT)
  -------------------------------------------------------------------    -------------------

Slack:                    inf
  Source:                 reg_bank/R3/out_reg[11]/C
                            (falling edge-triggered cell FDRE clocked by sys_clk_pin  {rise@0.000ns fall@5.000ns period=10.000ns})
  Destination:            disp[11]
                            (output port)
  Path Group:             (none)
  Path Type:              Max at Slow Process Corner
  Data Path Delay:        7.195ns  (logic 3.997ns (55.548%)  route 3.198ns (44.452%))
  Logic Levels:           4  (LUT5=1 MUXF7=1 MUXF8=1 OBUF=1)
  Clock Uncertainty:      0.025ns  ((TSJ^2 + TIJ^2)^1/2 + DJ) / 2 + PE
    Total System Jitter     (TSJ):    0.050ns
    Total Input Jitter      (TIJ):    0.000ns
    Discrete Jitter          (DJ):    0.000ns
    Phase Error              (PE):    0.000ns

    Location             Delay type                Incr(ns)  Path(ns)    Netlist Resource(s)
  -------------------------------------------------------------------    -------------------
                         (clock sys_clk_pin fall edge)
                                                      5.000     5.000 f  
    E3                                                0.000     5.000 f  dclk (IN)
                         net (fo=0)                   0.000     5.000    dclk
    E3                   IBUF (Prop_ibuf_I_O)         1.330     6.330 f  dclk_IBUF_inst/O
                         net (fo=1, routed)           1.525     7.855    dclk_IBUF
    BUFGCTRL_X0Y16       BUFG (Prop_bufg_I_O)         0.076     7.931 f  dclk_IBUF_BUFG_inst/O
                         net (fo=712, routed)         1.299     9.230    reg_bank/R3/CLK
    SLICE_X3Y107         FDRE                                         r  reg_bank/R3/out_reg[11]/C  (IS_INVERTED)
  -------------------------------------------------------------------    -------------------
    SLICE_X3Y107         FDRE (Prop_fdre_C_Q)         0.347     9.577 r  reg_bank/R3/out_reg[11]/Q
                         net (fo=3, routed)           0.971    10.548    reg_bank/R3/out_reg_n_0_[11]
    SLICE_X0Y109         LUT5 (Prop_lut5_I0_O)        0.097    10.645 r  reg_bank/R3/disp_OBUF[11]_inst_i_4/O
                         net (fo=1, routed)           0.000    10.645    reg_bank/R3/disp_OBUF[11]_inst_i_4_n_0
    SLICE_X0Y109         MUXF7 (Prop_muxf7_I0_O)      0.181    10.826 r  reg_bank/R3/disp_OBUF[11]_inst_i_2/O
                         net (fo=1, routed)           0.000    10.826    reg_bank/R3/disp_OBUF[11]_inst_i_2_n_0
    SLICE_X0Y109         MUXF8 (Prop_muxf8_I0_O)      0.076    10.902 r  reg_bank/R3/disp_OBUF[11]_inst_i_1/O
                         net (fo=1, routed)           2.227    13.129    disp_OBUF[11]
    T16                  OBUF (Prop_obuf_I_O)         3.296    16.425 r  disp_OBUF[11]_inst/O
                         net (fo=0)                   0.000    16.425    disp[11]
    T16                                                               r  disp[11] (OUT)
  -------------------------------------------------------------------    -------------------

Slack:                    inf
  Source:                 reg_bank/R12/out_reg[8]/C
                            (falling edge-triggered cell FDRE clocked by sys_clk_pin  {rise@0.000ns fall@5.000ns period=10.000ns})
  Destination:            disp[8]
                            (output port)
  Path Group:             (none)
  Path Type:              Max at Slow Process Corner
  Data Path Delay:        6.985ns  (logic 4.093ns (58.600%)  route 2.892ns (41.400%))
  Logic Levels:           4  (LUT6=1 MUXF7=1 MUXF8=1 OBUF=1)
  Clock Uncertainty:      0.025ns  ((TSJ^2 + TIJ^2)^1/2 + DJ) / 2 + PE
    Total System Jitter     (TSJ):    0.050ns
    Total Input Jitter      (TIJ):    0.000ns
    Discrete Jitter          (DJ):    0.000ns
    Phase Error              (PE):    0.000ns

    Location             Delay type                Incr(ns)  Path(ns)    Netlist Resource(s)
  -------------------------------------------------------------------    -------------------
                         (clock sys_clk_pin fall edge)
                                                      5.000     5.000 f  
    E3                                                0.000     5.000 f  dclk (IN)
                         net (fo=0)                   0.000     5.000    dclk
    E3                   IBUF (Prop_ibuf_I_O)         1.330     6.330 f  dclk_IBUF_inst/O
                         net (fo=1, routed)           1.525     7.855    dclk_IBUF
    BUFGCTRL_X0Y16       BUFG (Prop_bufg_I_O)         0.076     7.931 f  dclk_IBUF_BUFG_inst/O
                         net (fo=712, routed)         1.318     9.250    reg_bank/R12/CLK
    SLICE_X6Y89          FDRE                                         r  reg_bank/R12/out_reg[8]/C  (IS_INVERTED)
  -------------------------------------------------------------------    -------------------
    SLICE_X6Y89          FDRE (Prop_fdre_C_Q)         0.364     9.614 r  reg_bank/R12/out_reg[8]/Q
                         net (fo=3, routed)           1.094    10.707    reg_bank/R15/out_reg[31]_i_4__0_0[8]
    SLICE_X6Y85          LUT6 (Prop_lut6_I5_O)        0.199    10.906 r  reg_bank/R15/disp_OBUF[8]_inst_i_7/O
                         net (fo=1, routed)           0.000    10.906    reg_bank/R11/disp_OBUF[8]_inst_i_1
    SLICE_X6Y85          MUXF7 (Prop_muxf7_I1_O)      0.160    11.066 r  reg_bank/R11/disp_OBUF[8]_inst_i_3/O
                         net (fo=1, routed)           0.000    11.066    reg_bank/R3/disp[8]
    SLICE_X6Y85          MUXF8 (Prop_muxf8_I1_O)      0.067    11.133 r  reg_bank/R3/disp_OBUF[8]_inst_i_1/O
                         net (fo=1, routed)           1.798    12.931    disp_OBUF[8]
    V16                  OBUF (Prop_obuf_I_O)         3.303    16.234 r  disp_OBUF[8]_inst/O
                         net (fo=0)                   0.000    16.234    disp[8]
    V16                                                               r  disp[8] (OUT)
  -------------------------------------------------------------------    -------------------

Slack:                    inf
  Source:                 reg_bank/R14/out_reg[9]/C
                            (falling edge-triggered cell FDRE clocked by sys_clk_pin  {rise@0.000ns fall@5.000ns period=10.000ns})
  Destination:            disp[9]
                            (output port)
  Path Group:             (none)
  Path Type:              Max at Slow Process Corner
  Data Path Delay:        6.858ns  (logic 4.067ns (59.301%)  route 2.791ns (40.699%))
  Logic Levels:           4  (LUT6=1 MUXF7=1 MUXF8=1 OBUF=1)
  Clock Uncertainty:      0.025ns  ((TSJ^2 + TIJ^2)^1/2 + DJ) / 2 + PE
    Total System Jitter     (TSJ):    0.050ns
    Total Input Jitter      (TIJ):    0.000ns
    Discrete Jitter          (DJ):    0.000ns
    Phase Error              (PE):    0.000ns

    Location             Delay type                Incr(ns)  Path(ns)    Netlist Resource(s)
  -------------------------------------------------------------------    -------------------
                         (clock sys_clk_pin fall edge)
                                                      5.000     5.000 f  
    E3                                                0.000     5.000 f  dclk (IN)
                         net (fo=0)                   0.000     5.000    dclk
    E3                   IBUF (Prop_ibuf_I_O)         1.330     6.330 f  dclk_IBUF_inst/O
                         net (fo=1, routed)           1.525     7.855    dclk_IBUF
    BUFGCTRL_X0Y16       BUFG (Prop_bufg_I_O)         0.076     7.931 f  dclk_IBUF_BUFG_inst/O
                         net (fo=712, routed)         1.299     9.230    reg_bank/R14/CLK
    SLICE_X5Y104         FDRE                                         r  reg_bank/R14/out_reg[9]/C  (IS_INVERTED)
  -------------------------------------------------------------------    -------------------
    SLICE_X5Y104         FDRE (Prop_fdre_C_Q)         0.319     9.549 r  reg_bank/R14/out_reg[9]/Q
                         net (fo=3, routed)           0.730    10.279    reg_bank/R15/Q[9]
    SLICE_X2Y103         LUT6 (Prop_lut6_I1_O)        0.211    10.490 r  reg_bank/R15/disp_OBUF[9]_inst_i_7/O
                         net (fo=1, routed)           0.000    10.490    reg_bank/R11/disp_OBUF[9]_inst_i_1
    SLICE_X2Y103         MUXF7 (Prop_muxf7_I1_O)      0.160    10.650 r  reg_bank/R11/disp_OBUF[9]_inst_i_3/O
                         net (fo=1, routed)           0.000    10.650    reg_bank/R3/disp[9]
    SLICE_X2Y103         MUXF8 (Prop_muxf8_I1_O)      0.067    10.717 r  reg_bank/R3/disp_OBUF[9]_inst_i_1/O
                         net (fo=1, routed)           2.061    12.778    disp_OBUF[9]
    T15                  OBUF (Prop_obuf_I_O)         3.310    16.088 r  disp_OBUF[9]_inst/O
                         net (fo=0)                   0.000    16.088    disp[9]
    T15                                                               r  disp[9] (OUT)
  -------------------------------------------------------------------    -------------------





Min Delay Paths
--------------------------------------------------------------------------------------
Slack:                    inf
  Source:                 reg_bank/R2/out_reg[4]/C
                            (falling edge-triggered cell FDRE clocked by sys_clk_pin  {rise@0.000ns fall@5.000ns period=10.000ns})
  Destination:            disp[4]
                            (output port)
  Path Group:             (none)
  Path Type:              Min at Fast Process Corner
  Data Path Delay:        2.149ns  (logic 1.604ns (74.655%)  route 0.545ns (25.345%))
  Logic Levels:           4  (LUT5=1 MUXF7=1 MUXF8=1 OBUF=1)
  Clock Uncertainty:      0.025ns  ((TSJ^2 + TIJ^2)^1/2 + DJ) / 2 + PE
    Total System Jitter     (TSJ):    0.050ns
    Total Input Jitter      (TIJ):    0.000ns
    Discrete Jitter          (DJ):    0.000ns
    Phase Error              (PE):    0.000ns

    Location             Delay type                Incr(ns)  Path(ns)    Netlist Resource(s)
  -------------------------------------------------------------------    -------------------
                         (clock sys_clk_pin fall edge)
                                                      5.000     5.000 f  
    E3                                                0.000     5.000 f  dclk (IN)
                         net (fo=0)                   0.000     5.000    dclk
    E3                   IBUF (Prop_ibuf_I_O)         0.250     5.250 f  dclk_IBUF_inst/O
                         net (fo=1, routed)           0.644     5.894    dclk_IBUF
    BUFGCTRL_X0Y16       BUFG (Prop_bufg_I_O)         0.026     5.920 f  dclk_IBUF_BUFG_inst/O
                         net (fo=712, routed)         0.602     6.521    reg_bank/R2/CLK
    SLICE_X1Y88          FDRE                                         r  reg_bank/R2/out_reg[4]/C  (IS_INVERTED)
  -------------------------------------------------------------------    -------------------
    SLICE_X1Y88          FDRE (Prop_fdre_C_Q)         0.146     6.667 r  reg_bank/R2/out_reg[4]/Q
                         net (fo=3, routed)           0.134     6.802    reg_bank/R3/Q[4]
    SLICE_X0Y89          LUT5 (Prop_lut5_I1_O)        0.045     6.847 r  reg_bank/R3/disp_OBUF[4]_inst_i_4/O
                         net (fo=1, routed)           0.000     6.847    reg_bank/R3/disp_OBUF[4]_inst_i_4_n_0
    SLICE_X0Y89          MUXF7 (Prop_muxf7_I0_O)      0.071     6.918 r  reg_bank/R3/disp_OBUF[4]_inst_i_2/O
                         net (fo=1, routed)           0.000     6.918    reg_bank/R3/disp_OBUF[4]_inst_i_2_n_0
    SLICE_X0Y89          MUXF8 (Prop_muxf8_I0_O)      0.023     6.941 r  reg_bank/R3/disp_OBUF[4]_inst_i_1/O
                         net (fo=1, routed)           0.410     7.351    disp_OBUF[4]
    R18                  OBUF (Prop_obuf_I_O)         1.319     8.670 r  disp_OBUF[4]_inst/O
                         net (fo=0)                   0.000     8.670    disp[4]
    R18                                                               r  disp[4] (OUT)
  -------------------------------------------------------------------    -------------------

Slack:                    inf
  Source:                 reg_bank/R6/out_reg[1]/C
                            (falling edge-triggered cell FDRE clocked by sys_clk_pin  {rise@0.000ns fall@5.000ns period=10.000ns})
  Destination:            disp[1]
                            (output port)
  Path Group:             (none)
  Path Type:              Min at Fast Process Corner
  Data Path Delay:        2.226ns  (logic 1.612ns (72.429%)  route 0.614ns (27.571%))
  Logic Levels:           4  (LUT6=1 MUXF7=1 MUXF8=1 OBUF=1)
  Clock Uncertainty:      0.025ns  ((TSJ^2 + TIJ^2)^1/2 + DJ) / 2 + PE
    Total System Jitter     (TSJ):    0.050ns
    Total Input Jitter      (TIJ):    0.000ns
    Discrete Jitter          (DJ):    0.000ns
    Phase Error              (PE):    0.000ns

    Location             Delay type                Incr(ns)  Path(ns)    Netlist Resource(s)
  -------------------------------------------------------------------    -------------------
                         (clock sys_clk_pin fall edge)
                                                      5.000     5.000 f  
    E3                                                0.000     5.000 f  dclk (IN)
                         net (fo=0)                   0.000     5.000    dclk
    E3                   IBUF (Prop_ibuf_I_O)         0.250     5.250 f  dclk_IBUF_inst/O
                         net (fo=1, routed)           0.644     5.894    dclk_IBUF
    BUFGCTRL_X0Y16       BUFG (Prop_bufg_I_O)         0.026     5.920 f  dclk_IBUF_BUFG_inst/O
                         net (fo=712, routed)         0.602     6.521    reg_bank/R6/CLK
    SLICE_X2Y88          FDRE                                         r  reg_bank/R6/out_reg[1]/C  (IS_INVERTED)
  -------------------------------------------------------------------    -------------------
    SLICE_X2Y88          FDRE (Prop_fdre_C_Q)         0.167     6.688 r  reg_bank/R6/out_reg[1]/Q
                         net (fo=3, routed)           0.059     6.748    reg_bank/R7/Q[1]
    SLICE_X3Y88          LUT6 (Prop_lut6_I1_O)        0.045     6.793 r  reg_bank/R7/disp_OBUF[1]_inst_i_5/O
                         net (fo=1, routed)           0.000     6.793    reg_bank/R3/disp_OBUF[1]_inst_i_1_0
    SLICE_X3Y88          MUXF7 (Prop_muxf7_I1_O)      0.074     6.867 r  reg_bank/R3/disp_OBUF[1]_inst_i_2/O
                         net (fo=1, routed)           0.000     6.867    reg_bank/R3/disp_OBUF[1]_inst_i_2_n_0
    SLICE_X3Y88          MUXF8 (Prop_muxf8_I0_O)      0.023     6.890 r  reg_bank/R3/disp_OBUF[1]_inst_i_1/O
                         net (fo=1, routed)           0.554     7.444    disp_OBUF[1]
    K15                  OBUF (Prop_obuf_I_O)         1.303     8.747 r  disp_OBUF[1]_inst/O
                         net (fo=0)                   0.000     8.747    disp[1]
    K15                                                               r  disp[1] (OUT)
  -------------------------------------------------------------------    -------------------

Slack:                    inf
  Source:                 reg_bank/R10/out_reg[2]/C
                            (falling edge-triggered cell FDRE clocked by sys_clk_pin  {rise@0.000ns fall@5.000ns period=10.000ns})
  Destination:            disp[2]
                            (output port)
  Path Group:             (none)
  Path Type:              Min at Fast Process Corner
  Data Path Delay:        2.417ns  (logic 1.592ns (65.883%)  route 0.825ns (34.117%))
  Logic Levels:           4  (LUT6=1 MUXF7=1 MUXF8=1 OBUF=1)
  Clock Uncertainty:      0.025ns  ((TSJ^2 + TIJ^2)^1/2 + DJ) / 2 + PE
    Total System Jitter     (TSJ):    0.050ns
    Total Input Jitter      (TIJ):    0.000ns
    Discrete Jitter          (DJ):    0.000ns
    Phase Error              (PE):    0.000ns

    Location             Delay type                Incr(ns)  Path(ns)    Netlist Resource(s)
  -------------------------------------------------------------------    -------------------
                         (clock sys_clk_pin fall edge)
                                                      5.000     5.000 f  
    E3                                                0.000     5.000 f  dclk (IN)
                         net (fo=0)                   0.000     5.000    dclk
    E3                   IBUF (Prop_ibuf_I_O)         0.250     5.250 f  dclk_IBUF_inst/O
                         net (fo=1, routed)           0.644     5.894    dclk_IBUF
    BUFGCTRL_X0Y16       BUFG (Prop_bufg_I_O)         0.026     5.920 f  dclk_IBUF_BUFG_inst/O
                         net (fo=712, routed)         0.601     6.520    reg_bank/R10/CLK
    SLICE_X1Y87          FDRE                                         r  reg_bank/R10/out_reg[2]/C  (IS_INVERTED)
  -------------------------------------------------------------------    -------------------
    SLICE_X1Y87          FDRE (Prop_fdre_C_Q)         0.146     6.666 r  reg_bank/R10/out_reg[2]/Q
                         net (fo=3, routed)           0.148     6.814    reg_bank/R11/Q[2]
    SLICE_X1Y87          LUT6 (Prop_lut6_I1_O)        0.045     6.859 r  reg_bank/R11/disp_OBUF[2]_inst_i_6/O
                         net (fo=1, routed)           0.000     6.859    reg_bank/R11/disp_OBUF[2]_inst_i_6_n_0
    SLICE_X1Y87          MUXF7 (Prop_muxf7_I0_O)      0.062     6.921 r  reg_bank/R11/disp_OBUF[2]_inst_i_3/O
                         net (fo=1, routed)           0.000     6.921    reg_bank/R3/disp[2]
    SLICE_X1Y87          MUXF8 (Prop_muxf8_I1_O)      0.019     6.940 r  reg_bank/R3/disp_OBUF[2]_inst_i_1/O
                         net (fo=1, routed)           0.677     7.617    disp_OBUF[2]
    J13                  OBUF (Prop_obuf_I_O)         1.320     8.937 r  disp_OBUF[2]_inst/O
                         net (fo=0)                   0.000     8.937    disp[2]
    J13                                                               r  disp[2] (OUT)
  -------------------------------------------------------------------    -------------------

Slack:                    inf
  Source:                 reg_bank/R6/out_reg[3]/C
                            (falling edge-triggered cell FDRE clocked by sys_clk_pin  {rise@0.000ns fall@5.000ns period=10.000ns})
  Destination:            disp[3]
                            (output port)
  Path Group:             (none)
  Path Type:              Min at Fast Process Corner
  Data Path Delay:        2.424ns  (logic 1.606ns (66.261%)  route 0.818ns (33.739%))
  Logic Levels:           4  (LUT6=1 MUXF7=1 MUXF8=1 OBUF=1)
  Clock Uncertainty:      0.025ns  ((TSJ^2 + TIJ^2)^1/2 + DJ) / 2 + PE
    Total System Jitter     (TSJ):    0.050ns
    Total Input Jitter      (TIJ):    0.000ns
    Discrete Jitter          (DJ):    0.000ns
    Phase Error              (PE):    0.000ns

    Location             Delay type                Incr(ns)  Path(ns)    Netlist Resource(s)
  -------------------------------------------------------------------    -------------------
                         (clock sys_clk_pin fall edge)
                                                      5.000     5.000 f  
    E3                                                0.000     5.000 f  dclk (IN)
                         net (fo=0)                   0.000     5.000    dclk
    E3                   IBUF (Prop_ibuf_I_O)         0.250     5.250 f  dclk_IBUF_inst/O
                         net (fo=1, routed)           0.644     5.894    dclk_IBUF
    BUFGCTRL_X0Y16       BUFG (Prop_bufg_I_O)         0.026     5.920 f  dclk_IBUF_BUFG_inst/O
                         net (fo=712, routed)         0.596     6.515    reg_bank/R6/CLK
    SLICE_X4Y109         FDRE                                         r  reg_bank/R6/out_reg[3]/C  (IS_INVERTED)
  -------------------------------------------------------------------    -------------------
    SLICE_X4Y109         FDRE (Prop_fdre_C_Q)         0.146     6.661 r  reg_bank/R6/out_reg[3]/Q
                         net (fo=3, routed)           0.095     6.756    reg_bank/R7/Q[3]
    SLICE_X5Y109         LUT6 (Prop_lut6_I1_O)        0.045     6.801 r  reg_bank/R7/disp_OBUF[3]_inst_i_5/O
                         net (fo=1, routed)           0.000     6.801    reg_bank/R3/disp_OBUF[3]_inst_i_1_0
    SLICE_X5Y109         MUXF7 (Prop_muxf7_I1_O)      0.074     6.875 r  reg_bank/R3/disp_OBUF[3]_inst_i_2/O
                         net (fo=1, routed)           0.000     6.875    reg_bank/R3/disp_OBUF[3]_inst_i_2_n_0
    SLICE_X5Y109         MUXF8 (Prop_muxf8_I0_O)      0.023     6.898 r  reg_bank/R3/disp_OBUF[3]_inst_i_1/O
                         net (fo=1, routed)           0.723     7.621    disp_OBUF[3]
    N14                  OBUF (Prop_obuf_I_O)         1.318     8.939 r  disp_OBUF[3]_inst/O
                         net (fo=0)                   0.000     8.939    disp[3]
    N14                                                               r  disp[3] (OUT)
  -------------------------------------------------------------------    -------------------

Slack:                    inf
  Source:                 reg_bank/R9/out_reg[0]/C
                            (falling edge-triggered cell FDRE clocked by sys_clk_pin  {rise@0.000ns fall@5.000ns period=10.000ns})
  Destination:            disp[0]
                            (output port)
  Path Group:             (none)
  Path Type:              Min at Fast Process Corner
  Data Path Delay:        2.427ns  (logic 1.560ns (64.292%)  route 0.867ns (35.708%))
  Logic Levels:           4  (LUT6=1 MUXF7=1 MUXF8=1 OBUF=1)
  Clock Uncertainty:      0.025ns  ((TSJ^2 + TIJ^2)^1/2 + DJ) / 2 + PE
    Total System Jitter     (TSJ):    0.050ns
    Total Input Jitter      (TIJ):    0.000ns
    Discrete Jitter          (DJ):    0.000ns
    Phase Error              (PE):    0.000ns

    Location             Delay type                Incr(ns)  Path(ns)    Netlist Resource(s)
  -------------------------------------------------------------------    -------------------
                         (clock sys_clk_pin fall edge)
                                                      5.000     5.000 f  
    E3                                                0.000     5.000 f  dclk (IN)
                         net (fo=0)                   0.000     5.000    dclk
    E3                   IBUF (Prop_ibuf_I_O)         0.250     5.250 f  dclk_IBUF_inst/O
                         net (fo=1, routed)           0.644     5.894    dclk_IBUF
    BUFGCTRL_X0Y16       BUFG (Prop_bufg_I_O)         0.026     5.920 f  dclk_IBUF_BUFG_inst/O
                         net (fo=712, routed)         0.600     6.519    reg_bank/R9/CLK
    SLICE_X4Y87          FDRE                                         r  reg_bank/R9/out_reg[0]/C  (IS_INVERTED)
  -------------------------------------------------------------------    -------------------
    SLICE_X4Y87          FDRE (Prop_fdre_C_Q)         0.146     6.665 r  reg_bank/R9/out_reg[0]/Q
                         net (fo=3, routed)           0.137     6.802    reg_bank/R11/out_reg[31]_i_4__0_0[0]
    SLICE_X4Y87          LUT6 (Prop_lut6_I3_O)        0.045     6.847 r  reg_bank/R11/disp_OBUF[0]_inst_i_6/O
                         net (fo=1, routed)           0.000     6.847    reg_bank/R11/disp_OBUF[0]_inst_i_6_n_0
    SLICE_X4Y87          MUXF7 (Prop_muxf7_I0_O)      0.062     6.909 r  reg_bank/R11/disp_OBUF[0]_inst_i_3/O
                         net (fo=1, routed)           0.000     6.909    reg_bank/R3/disp[0]
    SLICE_X4Y87          MUXF8 (Prop_muxf8_I1_O)      0.019     6.928 r  reg_bank/R3/disp_OBUF[0]_inst_i_1/O
                         net (fo=1, routed)           0.730     7.658    disp_OBUF[0]
    H17                  OBUF (Prop_obuf_I_O)         1.288     8.946 r  disp_OBUF[0]_inst/O
                         net (fo=0)                   0.000     8.946    disp[0]
    H17                                                               r  disp[0] (OUT)
  -------------------------------------------------------------------    -------------------

Slack:                    inf
  Source:                 reg_bank/R11/out_reg[6]/C
                            (falling edge-triggered cell FDRE clocked by sys_clk_pin  {rise@0.000ns fall@5.000ns period=10.000ns})
  Destination:            disp[6]
                            (output port)
  Path Group:             (none)
  Path Type:              Min at Fast Process Corner
  Data Path Delay:        2.430ns  (logic 1.635ns (67.258%)  route 0.796ns (32.742%))
  Logic Levels:           4  (LUT6=1 MUXF7=1 MUXF8=1 OBUF=1)
  Clock Uncertainty:      0.025ns  ((TSJ^2 + TIJ^2)^1/2 + DJ) / 2 + PE
    Total System Jitter     (TSJ):    0.050ns
    Total Input Jitter      (TIJ):    0.000ns
    Discrete Jitter          (DJ):    0.000ns
    Phase Error              (PE):    0.000ns

    Location             Delay type                Incr(ns)  Path(ns)    Netlist Resource(s)
  -------------------------------------------------------------------    -------------------
                         (clock sys_clk_pin fall edge)
                                                      5.000     5.000 f  
    E3                                                0.000     5.000 f  dclk (IN)
                         net (fo=0)                   0.000     5.000    dclk
    E3                   IBUF (Prop_ibuf_I_O)         0.250     5.250 f  dclk_IBUF_inst/O
                         net (fo=1, routed)           0.644     5.894    dclk_IBUF
    BUFGCTRL_X0Y16       BUFG (Prop_bufg_I_O)         0.026     5.920 f  dclk_IBUF_BUFG_inst/O
                         net (fo=712, routed)         0.602     6.521    reg_bank/R11/CLK
    SLICE_X3Y89          FDRE                                         r  reg_bank/R11/out_reg[6]/C  (IS_INVERTED)
  -------------------------------------------------------------------    -------------------
    SLICE_X3Y89          FDRE (Prop_fdre_C_Q)         0.133     6.654 r  reg_bank/R11/out_reg[6]/Q
                         net (fo=3, routed)           0.106     6.761    reg_bank/R11/out_reg_n_0_[6]
    SLICE_X1Y90          LUT6 (Prop_lut6_I0_O)        0.098     6.859 r  reg_bank/R11/disp_OBUF[6]_inst_i_6/O
                         net (fo=1, routed)           0.000     6.859    reg_bank/R11/disp_OBUF[6]_inst_i_6_n_0
    SLICE_X1Y90          MUXF7 (Prop_muxf7_I0_O)      0.062     6.921 r  reg_bank/R11/disp_OBUF[6]_inst_i_3/O
                         net (fo=1, routed)           0.000     6.921    reg_bank/R3/disp[6]
    SLICE_X1Y90          MUXF8 (Prop_muxf8_I1_O)      0.019     6.940 r  reg_bank/R3/disp_OBUF[6]_inst_i_1/O
                         net (fo=1, routed)           0.689     7.629    disp_OBUF[6]
    U17                  OBUF (Prop_obuf_I_O)         1.323     8.952 r  disp_OBUF[6]_inst/O
                         net (fo=0)                   0.000     8.952    disp[6]
    U17                                                               r  disp[6] (OUT)
  -------------------------------------------------------------------    -------------------

Slack:                    inf
  Source:                 reg_bank/R10/out_reg[8]/C
                            (falling edge-triggered cell FDRE clocked by sys_clk_pin  {rise@0.000ns fall@5.000ns period=10.000ns})
  Destination:            disp[8]
                            (output port)
  Path Group:             (none)
  Path Type:              Min at Fast Process Corner
  Data Path Delay:        2.445ns  (logic 1.588ns (64.959%)  route 0.857ns (35.041%))
  Logic Levels:           4  (LUT6=1 MUXF7=1 MUXF8=1 OBUF=1)
  Clock Uncertainty:      0.025ns  ((TSJ^2 + TIJ^2)^1/2 + DJ) / 2 + PE
    Total System Jitter     (TSJ):    0.050ns
    Total Input Jitter      (TIJ):    0.000ns
    Discrete Jitter          (DJ):    0.000ns
    Phase Error              (PE):    0.000ns

    Location             Delay type                Incr(ns)  Path(ns)    Netlist Resource(s)
  -------------------------------------------------------------------    -------------------
                         (clock sys_clk_pin fall edge)
                                                      5.000     5.000 f  
    E3                                                0.000     5.000 f  dclk (IN)
                         net (fo=0)                   0.000     5.000    dclk
    E3                   IBUF (Prop_ibuf_I_O)         0.250     5.250 f  dclk_IBUF_inst/O
                         net (fo=1, routed)           0.644     5.894    dclk_IBUF
    BUFGCTRL_X0Y16       BUFG (Prop_bufg_I_O)         0.026     5.920 f  dclk_IBUF_BUFG_inst/O
                         net (fo=712, routed)         0.599     6.518    reg_bank/R10/CLK
    SLICE_X7Y86          FDRE                                         r  reg_bank/R10/out_reg[8]/C  (IS_INVERTED)
  -------------------------------------------------------------------    -------------------
    SLICE_X7Y86          FDRE (Prop_fdre_C_Q)         0.146     6.664 r  reg_bank/R10/out_reg[8]/Q
                         net (fo=3, routed)           0.212     6.876    reg_bank/R11/Q[8]
    SLICE_X6Y85          LUT6 (Prop_lut6_I1_O)        0.045     6.921 r  reg_bank/R11/disp_OBUF[8]_inst_i_6/O
                         net (fo=1, routed)           0.000     6.921    reg_bank/R11/disp_OBUF[8]_inst_i_6_n_0
    SLICE_X6Y85          MUXF7 (Prop_muxf7_I0_O)      0.062     6.983 r  reg_bank/R11/disp_OBUF[8]_inst_i_3/O
                         net (fo=1, routed)           0.000     6.983    reg_bank/R3/disp[8]
    SLICE_X6Y85          MUXF8 (Prop_muxf8_I1_O)      0.019     7.002 r  reg_bank/R3/disp_OBUF[8]_inst_i_1/O
                         net (fo=1, routed)           0.645     7.647    disp_OBUF[8]
    V16                  OBUF (Prop_obuf_I_O)         1.316     8.963 r  disp_OBUF[8]_inst/O
                         net (fo=0)                   0.000     8.963    disp[8]
    V16                                                               r  disp[8] (OUT)
  -------------------------------------------------------------------    -------------------

Slack:                    inf
  Source:                 reg_bank/R7/out_reg[9]/C
                            (falling edge-triggered cell FDRE clocked by sys_clk_pin  {rise@0.000ns fall@5.000ns period=10.000ns})
  Destination:            disp[9]
                            (output port)
  Path Group:             (none)
  Path Type:              Min at Fast Process Corner
  Data Path Delay:        2.540ns  (logic 1.611ns (63.428%)  route 0.929ns (36.572%))
  Logic Levels:           4  (LUT6=1 MUXF7=1 MUXF8=1 OBUF=1)
  Clock Uncertainty:      0.025ns  ((TSJ^2 + TIJ^2)^1/2 + DJ) / 2 + PE
    Total System Jitter     (TSJ):    0.050ns
    Total Input Jitter      (TIJ):    0.000ns
    Discrete Jitter          (DJ):    0.000ns
    Phase Error              (PE):    0.000ns

    Location             Delay type                Incr(ns)  Path(ns)    Netlist Resource(s)
  -------------------------------------------------------------------    -------------------
                         (clock sys_clk_pin fall edge)
                                                      5.000     5.000 f  
    E3                                                0.000     5.000 f  dclk (IN)
                         net (fo=0)                   0.000     5.000    dclk
    E3                   IBUF (Prop_ibuf_I_O)         0.250     5.250 f  dclk_IBUF_inst/O
                         net (fo=1, routed)           0.644     5.894    dclk_IBUF
    BUFGCTRL_X0Y16       BUFG (Prop_bufg_I_O)         0.026     5.920 f  dclk_IBUF_BUFG_inst/O
                         net (fo=712, routed)         0.598     6.517    reg_bank/R7/CLK
    SLICE_X3Y105         FDRE                                         r  reg_bank/R7/out_reg[9]/C  (IS_INVERTED)
  -------------------------------------------------------------------    -------------------
    SLICE_X3Y105         FDRE (Prop_fdre_C_Q)         0.146     6.663 r  reg_bank/R7/out_reg[9]/Q
                         net (fo=3, routed)           0.121     6.785    reg_bank/R7/out_reg_n_0_[9]
    SLICE_X2Y103         LUT6 (Prop_lut6_I0_O)        0.045     6.830 r  reg_bank/R7/disp_OBUF[9]_inst_i_5/O
                         net (fo=1, routed)           0.000     6.830    reg_bank/R3/disp_OBUF[9]_inst_i_1_0
    SLICE_X2Y103         MUXF7 (Prop_muxf7_I1_O)      0.075     6.905 r  reg_bank/R3/disp_OBUF[9]_inst_i_2/O
                         net (fo=1, routed)           0.000     6.905    reg_bank/R3/disp_OBUF[9]_inst_i_2_n_0
    SLICE_X2Y103         MUXF8 (Prop_muxf8_I0_O)      0.022     6.927 r  reg_bank/R3/disp_OBUF[9]_inst_i_1/O
                         net (fo=1, routed)           0.808     7.734    disp_OBUF[9]
    T15                  OBUF (Prop_obuf_I_O)         1.323     9.057 r  disp_OBUF[9]_inst/O
                         net (fo=0)                   0.000     9.057    disp[9]
    T15                                                               r  disp[9] (OUT)
  -------------------------------------------------------------------    -------------------

Slack:                    inf
  Source:                 reg_bank/R9/out_reg[11]/C
                            (falling edge-triggered cell FDRE clocked by sys_clk_pin  {rise@0.000ns fall@5.000ns period=10.000ns})
  Destination:            disp[11]
                            (output port)
  Path Group:             (none)
  Path Type:              Min at Fast Process Corner
  Data Path Delay:        2.633ns  (logic 1.571ns (59.681%)  route 1.061ns (40.319%))
  Logic Levels:           4  (LUT6=1 MUXF7=1 MUXF8=1 OBUF=1)
  Clock Uncertainty:      0.025ns  ((TSJ^2 + TIJ^2)^1/2 + DJ) / 2 + PE
    Total System Jitter     (TSJ):    0.050ns
    Total Input Jitter      (TIJ):    0.000ns
    Discrete Jitter          (DJ):    0.000ns
    Phase Error              (PE):    0.000ns

    Location             Delay type                Incr(ns)  Path(ns)    Netlist Resource(s)
  -------------------------------------------------------------------    -------------------
                         (clock sys_clk_pin fall edge)
                                                      5.000     5.000 f  
    E3                                                0.000     5.000 f  dclk (IN)
                         net (fo=0)                   0.000     5.000    dclk
    E3                   IBUF (Prop_ibuf_I_O)         0.250     5.250 f  dclk_IBUF_inst/O
                         net (fo=1, routed)           0.644     5.894    dclk_IBUF
    BUFGCTRL_X0Y16       BUFG (Prop_bufg_I_O)         0.026     5.920 f  dclk_IBUF_BUFG_inst/O
                         net (fo=712, routed)         0.597     6.516    reg_bank/R9/CLK
    SLICE_X1Y108         FDRE                                         r  reg_bank/R9/out_reg[11]/C  (IS_INVERTED)
  -------------------------------------------------------------------    -------------------
    SLICE_X1Y108         FDRE (Prop_fdre_C_Q)         0.146     6.662 r  reg_bank/R9/out_reg[11]/Q
                         net (fo=3, routed)           0.169     6.831    reg_bank/R11/out_reg[31]_i_4__0_0[11]
    SLICE_X0Y109         LUT6 (Prop_lut6_I3_O)        0.045     6.876 r  reg_bank/R11/disp_OBUF[11]_inst_i_6/O
                         net (fo=1, routed)           0.000     6.876    reg_bank/R11/disp_OBUF[11]_inst_i_6_n_0
    SLICE_X0Y109         MUXF7 (Prop_muxf7_I0_O)      0.062     6.938 r  reg_bank/R11/disp_OBUF[11]_inst_i_3/O
                         net (fo=1, routed)           0.000     6.938    reg_bank/R3/disp[11]
    SLICE_X0Y109         MUXF8 (Prop_muxf8_I1_O)      0.019     6.957 r  reg_bank/R3/disp_OBUF[11]_inst_i_1/O
                         net (fo=1, routed)           0.893     7.850    disp_OBUF[11]
    T16                  OBUF (Prop_obuf_I_O)         1.299     9.149 r  disp_OBUF[11]_inst/O
                         net (fo=0)                   0.000     9.149    disp[11]
    T16                                                               r  disp[11] (OUT)
  -------------------------------------------------------------------    -------------------

Slack:                    inf
  Source:                 reg_bank/R14/out_reg[12]/C
                            (falling edge-triggered cell FDRE clocked by sys_clk_pin  {rise@0.000ns fall@5.000ns period=10.000ns})
  Destination:            disp[12]
                            (output port)
  Path Group:             (none)
  Path Type:              Min at Fast Process Corner
  Data Path Delay:        2.772ns  (logic 1.615ns (58.278%)  route 1.156ns (41.722%))
  Logic Levels:           4  (LUT6=1 MUXF7=1 MUXF8=1 OBUF=1)
  Clock Uncertainty:      0.025ns  ((TSJ^2 + TIJ^2)^1/2 + DJ) / 2 + PE
    Total System Jitter     (TSJ):    0.050ns
    Total Input Jitter      (TIJ):    0.000ns
    Discrete Jitter          (DJ):    0.000ns
    Phase Error              (PE):    0.000ns

    Location             Delay type                Incr(ns)  Path(ns)    Netlist Resource(s)
  -------------------------------------------------------------------    -------------------
                         (clock sys_clk_pin fall edge)
                                                      5.000     5.000 f  
    E3                                                0.000     5.000 f  dclk (IN)
                         net (fo=0)                   0.000     5.000    dclk
    E3                   IBUF (Prop_ibuf_I_O)         0.250     5.250 f  dclk_IBUF_inst/O
                         net (fo=1, routed)           0.644     5.894    dclk_IBUF
    BUFGCTRL_X0Y16       BUFG (Prop_bufg_I_O)         0.026     5.920 f  dclk_IBUF_BUFG_inst/O
                         net (fo=712, routed)         0.569     6.488    reg_bank/R14/CLK
    SLICE_X10Y105        FDRE                                         r  reg_bank/R14/out_reg[12]/C  (IS_INVERTED)
  -------------------------------------------------------------------    -------------------
    SLICE_X10Y105        FDRE (Prop_fdre_C_Q)         0.167     6.655 r  reg_bank/R14/out_reg[12]/Q
                         net (fo=3, routed)           0.092     6.748    reg_bank/R15/Q[12]
    SLICE_X11Y105        LUT6 (Prop_lut6_I1_O)        0.045     6.793 r  reg_bank/R15/disp_OBUF[12]_inst_i_7/O
                         net (fo=1, routed)           0.000     6.793    reg_bank/R11/disp_OBUF[12]_inst_i_1
    SLICE_X11Y105        MUXF7 (Prop_muxf7_I1_O)      0.065     6.858 r  reg_bank/R11/disp_OBUF[12]_inst_i_3/O
                         net (fo=1, routed)           0.000     6.858    reg_bank/R3/disp[12]
    SLICE_X11Y105        MUXF8 (Prop_muxf8_I1_O)      0.019     6.877 r  reg_bank/R3/disp_OBUF[12]_inst_i_1/O
                         net (fo=1, routed)           1.064     7.941    disp_OBUF[12]
    V15                  OBUF (Prop_obuf_I_O)         1.319     9.260 r  disp_OBUF[12]_inst/O
                         net (fo=0)                   0.000     9.260    disp[12]
    V15                                                               r  disp[12] (OUT)
  -------------------------------------------------------------------    -------------------





--------------------------------------------------------------------------------------
Path Group:  (none)
From Clock:  
  To Clock:  sys_clk_pin

Max Delay           741 Endpoints
Min Delay           741 Endpoints
--------------------------------------------------------------------------------------


Max Delay Paths
--------------------------------------------------------------------------------------
Slack:                    inf
  Source:                 clr
                            (input port)
  Destination:            ALU_OUT/out_reg[27]/R
                            (falling edge-triggered cell FDRE clocked by sys_clk_pin  {rise@0.000ns fall@5.000ns period=10.000ns})
  Path Group:             (none)
  Path Type:              Setup (Max at Slow Process Corner)
  Data Path Delay:        5.078ns  (logic 1.326ns (26.106%)  route 3.752ns (73.894%))
  Logic Levels:           1  (IBUF=1)
  Clock Path Skew:        3.915ns (DCD - SCD + CPR)
    Destination Clock Delay (DCD):    3.915ns = ( 8.915 - 5.000 ) 
    Source Clock Delay      (SCD):    0.000ns
    Clock Pessimism Removal (CPR):    0.000ns
  Clock Uncertainty:      0.025ns  ((TSJ^2 + TIJ^2)^1/2 + DJ) / 2 + PE
    Total System Jitter     (TSJ):    0.050ns
    Total Input Jitter      (TIJ):    0.000ns
    Discrete Jitter          (DJ):    0.000ns
    Phase Error              (PE):    0.000ns

    Location             Delay type                Incr(ns)  Path(ns)    Netlist Resource(s)
  -------------------------------------------------------------------    -------------------
    J15                                               0.000     0.000 r  clr (IN)
                         net (fo=0)                   0.000     0.000    clr
    J15                  IBUF (Prop_ibuf_I_O)         1.326     1.326 r  clr_IBUF_inst/O
                         net (fo=707, routed)         3.752     5.078    ALU_OUT/clr_IBUF
    SLICE_X11Y100        FDRE                                         r  ALU_OUT/out_reg[27]/R
  -------------------------------------------------------------------    -------------------

                         (clock sys_clk_pin fall edge)
                                                      5.000     5.000 f  
    E3                                                0.000     5.000 f  dclk (IN)
                         net (fo=0)                   0.000     5.000    dclk
    E3                   IBUF (Prop_ibuf_I_O)         1.263     6.263 f  dclk_IBUF_inst/O
                         net (fo=1, routed)           1.443     7.706    dclk_IBUF
    BUFGCTRL_X0Y16       BUFG (Prop_bufg_I_O)         0.072     7.778 f  dclk_IBUF_BUFG_inst/O
                         net (fo=712, routed)         1.137     8.915    ALU_OUT/CLK
    SLICE_X11Y100        FDRE                                         r  ALU_OUT/out_reg[27]/C  (IS_INVERTED)

Slack:                    inf
  Source:                 clr
                            (input port)
  Destination:            ALU_OUT/out_reg[29]/R
                            (falling edge-triggered cell FDRE clocked by sys_clk_pin  {rise@0.000ns fall@5.000ns period=10.000ns})
  Path Group:             (none)
  Path Type:              Setup (Max at Slow Process Corner)
  Data Path Delay:        5.078ns  (logic 1.326ns (26.106%)  route 3.752ns (73.894%))
  Logic Levels:           1  (IBUF=1)
  Clock Path Skew:        3.915ns (DCD - SCD + CPR)
    Destination Clock Delay (DCD):    3.915ns = ( 8.915 - 5.000 ) 
    Source Clock Delay      (SCD):    0.000ns
    Clock Pessimism Removal (CPR):    0.000ns
  Clock Uncertainty:      0.025ns  ((TSJ^2 + TIJ^2)^1/2 + DJ) / 2 + PE
    Total System Jitter     (TSJ):    0.050ns
    Total Input Jitter      (TIJ):    0.000ns
    Discrete Jitter          (DJ):    0.000ns
    Phase Error              (PE):    0.000ns

    Location             Delay type                Incr(ns)  Path(ns)    Netlist Resource(s)
  -------------------------------------------------------------------    -------------------
    J15                                               0.000     0.000 r  clr (IN)
                         net (fo=0)                   0.000     0.000    clr
    J15                  IBUF (Prop_ibuf_I_O)         1.326     1.326 r  clr_IBUF_inst/O
                         net (fo=707, routed)         3.752     5.078    ALU_OUT/clr_IBUF
    SLICE_X10Y100        FDRE                                         r  ALU_OUT/out_reg[29]/R
  -------------------------------------------------------------------    -------------------

                         (clock sys_clk_pin fall edge)
                                                      5.000     5.000 f  
    E3                                                0.000     5.000 f  dclk (IN)
                         net (fo=0)                   0.000     5.000    dclk
    E3                   IBUF (Prop_ibuf_I_O)         1.263     6.263 f  dclk_IBUF_inst/O
                         net (fo=1, routed)           1.443     7.706    dclk_IBUF
    BUFGCTRL_X0Y16       BUFG (Prop_bufg_I_O)         0.072     7.778 f  dclk_IBUF_BUFG_inst/O
                         net (fo=712, routed)         1.137     8.915    ALU_OUT/CLK
    SLICE_X10Y100        FDRE                                         r  ALU_OUT/out_reg[29]/C  (IS_INVERTED)

Slack:                    inf
  Source:                 clr
                            (input port)
  Destination:            reg_bank/R3/out_reg[17]/R
                            (falling edge-triggered cell FDRE clocked by sys_clk_pin  {rise@0.000ns fall@5.000ns period=10.000ns})
  Path Group:             (none)
  Path Type:              Setup (Max at Slow Process Corner)
  Data Path Delay:        4.972ns  (logic 1.326ns (26.661%)  route 3.647ns (73.339%))
  Logic Levels:           1  (IBUF=1)
  Clock Path Skew:        3.914ns (DCD - SCD + CPR)
    Destination Clock Delay (DCD):    3.914ns = ( 8.914 - 5.000 ) 
    Source Clock Delay      (SCD):    0.000ns
    Clock Pessimism Removal (CPR):    0.000ns
  Clock Uncertainty:      0.025ns  ((TSJ^2 + TIJ^2)^1/2 + DJ) / 2 + PE
    Total System Jitter     (TSJ):    0.050ns
    Total Input Jitter      (TIJ):    0.000ns
    Discrete Jitter          (DJ):    0.000ns
    Phase Error              (PE):    0.000ns

    Location             Delay type                Incr(ns)  Path(ns)    Netlist Resource(s)
  -------------------------------------------------------------------    -------------------
    J15                                               0.000     0.000 r  clr (IN)
                         net (fo=0)                   0.000     0.000    clr
    J15                  IBUF (Prop_ibuf_I_O)         1.326     1.326 r  clr_IBUF_inst/O
                         net (fo=707, routed)         3.647     4.972    reg_bank/R3/clr_IBUF
    SLICE_X13Y100        FDRE                                         r  reg_bank/R3/out_reg[17]/R
  -------------------------------------------------------------------    -------------------

                         (clock sys_clk_pin fall edge)
                                                      5.000     5.000 f  
    E3                                                0.000     5.000 f  dclk (IN)
                         net (fo=0)                   0.000     5.000    dclk
    E3                   IBUF (Prop_ibuf_I_O)         1.263     6.263 f  dclk_IBUF_inst/O
                         net (fo=1, routed)           1.443     7.706    dclk_IBUF
    BUFGCTRL_X0Y16       BUFG (Prop_bufg_I_O)         0.072     7.778 f  dclk_IBUF_BUFG_inst/O
                         net (fo=712, routed)         1.136     8.914    reg_bank/R3/CLK
    SLICE_X13Y100        FDRE                                         r  reg_bank/R3/out_reg[17]/C  (IS_INVERTED)

Slack:                    inf
  Source:                 clr
                            (input port)
  Destination:            reg_bank/R3/out_reg[12]/R
                            (falling edge-triggered cell FDRE clocked by sys_clk_pin  {rise@0.000ns fall@5.000ns period=10.000ns})
  Path Group:             (none)
  Path Type:              Setup (Max at Slow Process Corner)
  Data Path Delay:        4.958ns  (logic 1.326ns (26.738%)  route 3.632ns (73.262%))
  Logic Levels:           1  (IBUF=1)
  Clock Path Skew:        3.914ns (DCD - SCD + CPR)
    Destination Clock Delay (DCD):    3.914ns = ( 8.914 - 5.000 ) 
    Source Clock Delay      (SCD):    0.000ns
    Clock Pessimism Removal (CPR):    0.000ns
  Clock Uncertainty:      0.025ns  ((TSJ^2 + TIJ^2)^1/2 + DJ) / 2 + PE
    Total System Jitter     (TSJ):    0.050ns
    Total Input Jitter      (TIJ):    0.000ns
    Discrete Jitter          (DJ):    0.000ns
    Phase Error              (PE):    0.000ns

    Location             Delay type                Incr(ns)  Path(ns)    Netlist Resource(s)
  -------------------------------------------------------------------    -------------------
    J15                                               0.000     0.000 r  clr (IN)
                         net (fo=0)                   0.000     0.000    clr
    J15                  IBUF (Prop_ibuf_I_O)         1.326     1.326 r  clr_IBUF_inst/O
                         net (fo=707, routed)         3.632     4.958    reg_bank/R3/clr_IBUF
    SLICE_X12Y101        FDRE                                         r  reg_bank/R3/out_reg[12]/R
  -------------------------------------------------------------------    -------------------

                         (clock sys_clk_pin fall edge)
                                                      5.000     5.000 f  
    E3                                                0.000     5.000 f  dclk (IN)
                         net (fo=0)                   0.000     5.000    dclk
    E3                   IBUF (Prop_ibuf_I_O)         1.263     6.263 f  dclk_IBUF_inst/O
                         net (fo=1, routed)           1.443     7.706    dclk_IBUF
    BUFGCTRL_X0Y16       BUFG (Prop_bufg_I_O)         0.072     7.778 f  dclk_IBUF_BUFG_inst/O
                         net (fo=712, routed)         1.136     8.914    reg_bank/R3/CLK
    SLICE_X12Y101        FDRE                                         r  reg_bank/R3/out_reg[12]/C  (IS_INVERTED)

Slack:                    inf
  Source:                 clr
                            (input port)
  Destination:            reg_bank/R7/out_reg[17]/R
                            (falling edge-triggered cell FDRE clocked by sys_clk_pin  {rise@0.000ns fall@5.000ns period=10.000ns})
  Path Group:             (none)
  Path Type:              Setup (Max at Slow Process Corner)
  Data Path Delay:        4.958ns  (logic 1.326ns (26.738%)  route 3.632ns (73.262%))
  Logic Levels:           1  (IBUF=1)
  Clock Path Skew:        3.914ns (DCD - SCD + CPR)
    Destination Clock Delay (DCD):    3.914ns = ( 8.914 - 5.000 ) 
    Source Clock Delay      (SCD):    0.000ns
    Clock Pessimism Removal (CPR):    0.000ns
  Clock Uncertainty:      0.025ns  ((TSJ^2 + TIJ^2)^1/2 + DJ) / 2 + PE
    Total System Jitter     (TSJ):    0.050ns
    Total Input Jitter      (TIJ):    0.000ns
    Discrete Jitter          (DJ):    0.000ns
    Phase Error              (PE):    0.000ns

    Location             Delay type                Incr(ns)  Path(ns)    Netlist Resource(s)
  -------------------------------------------------------------------    -------------------
    J15                                               0.000     0.000 r  clr (IN)
                         net (fo=0)                   0.000     0.000    clr
    J15                  IBUF (Prop_ibuf_I_O)         1.326     1.326 r  clr_IBUF_inst/O
                         net (fo=707, routed)         3.632     4.958    reg_bank/R7/clr_IBUF
    SLICE_X13Y101        FDRE                                         r  reg_bank/R7/out_reg[17]/R
  -------------------------------------------------------------------    -------------------

                         (clock sys_clk_pin fall edge)
                                                      5.000     5.000 f  
    E3                                                0.000     5.000 f  dclk (IN)
                         net (fo=0)                   0.000     5.000    dclk
    E3                   IBUF (Prop_ibuf_I_O)         1.263     6.263 f  dclk_IBUF_inst/O
                         net (fo=1, routed)           1.443     7.706    dclk_IBUF
    BUFGCTRL_X0Y16       BUFG (Prop_bufg_I_O)         0.072     7.778 f  dclk_IBUF_BUFG_inst/O
                         net (fo=712, routed)         1.136     8.914    reg_bank/R7/CLK
    SLICE_X13Y101        FDRE                                         r  reg_bank/R7/out_reg[17]/C  (IS_INVERTED)

Slack:                    inf
  Source:                 clr
                            (input port)
  Destination:            reg_bank/R9/out_reg[0]/R
                            (falling edge-triggered cell FDRE clocked by sys_clk_pin  {rise@0.000ns fall@5.000ns period=10.000ns})
  Path Group:             (none)
  Path Type:              Setup (Max at Slow Process Corner)
  Data Path Delay:        4.914ns  (logic 1.326ns (26.978%)  route 3.588ns (73.022%))
  Logic Levels:           1  (IBUF=1)
  Clock Path Skew:        3.992ns (DCD - SCD + CPR)
    Destination Clock Delay (DCD):    3.992ns = ( 8.992 - 5.000 ) 
    Source Clock Delay      (SCD):    0.000ns
    Clock Pessimism Removal (CPR):    0.000ns
  Clock Uncertainty:      0.025ns  ((TSJ^2 + TIJ^2)^1/2 + DJ) / 2 + PE
    Total System Jitter     (TSJ):    0.050ns
    Total Input Jitter      (TIJ):    0.000ns
    Discrete Jitter          (DJ):    0.000ns
    Phase Error              (PE):    0.000ns

    Location             Delay type                Incr(ns)  Path(ns)    Netlist Resource(s)
  -------------------------------------------------------------------    -------------------
    J15                                               0.000     0.000 r  clr (IN)
                         net (fo=0)                   0.000     0.000    clr
    J15                  IBUF (Prop_ibuf_I_O)         1.326     1.326 r  clr_IBUF_inst/O
                         net (fo=707, routed)         3.588     4.914    reg_bank/R9/clr_IBUF
    SLICE_X4Y87          FDRE                                         r  reg_bank/R9/out_reg[0]/R
  -------------------------------------------------------------------    -------------------

                         (clock sys_clk_pin fall edge)
                                                      5.000     5.000 f  
    E3                                                0.000     5.000 f  dclk (IN)
                         net (fo=0)                   0.000     5.000    dclk
    E3                   IBUF (Prop_ibuf_I_O)         1.263     6.263 f  dclk_IBUF_inst/O
                         net (fo=1, routed)           1.443     7.706    dclk_IBUF
    BUFGCTRL_X0Y16       BUFG (Prop_bufg_I_O)         0.072     7.778 f  dclk_IBUF_BUFG_inst/O
                         net (fo=712, routed)         1.214     8.992    reg_bank/R9/CLK
    SLICE_X4Y87          FDRE                                         r  reg_bank/R9/out_reg[0]/C  (IS_INVERTED)

Slack:                    inf
  Source:                 clr
                            (input port)
  Destination:            A/out_reg[0]/R
                            (falling edge-triggered cell FDRE clocked by sys_clk_pin  {rise@0.000ns fall@5.000ns period=10.000ns})
  Path Group:             (none)
  Path Type:              Setup (Max at Slow Process Corner)
  Data Path Delay:        4.911ns  (logic 1.326ns (26.996%)  route 3.585ns (73.004%))
  Logic Levels:           1  (IBUF=1)
  Clock Path Skew:        3.992ns (DCD - SCD + CPR)
    Destination Clock Delay (DCD):    3.992ns = ( 8.992 - 5.000 ) 
    Source Clock Delay      (SCD):    0.000ns
    Clock Pessimism Removal (CPR):    0.000ns
  Clock Uncertainty:      0.025ns  ((TSJ^2 + TIJ^2)^1/2 + DJ) / 2 + PE
    Total System Jitter     (TSJ):    0.050ns
    Total Input Jitter      (TIJ):    0.000ns
    Discrete Jitter          (DJ):    0.000ns
    Phase Error              (PE):    0.000ns

    Location             Delay type                Incr(ns)  Path(ns)    Netlist Resource(s)
  -------------------------------------------------------------------    -------------------
    J15                                               0.000     0.000 r  clr (IN)
                         net (fo=0)                   0.000     0.000    clr
    J15                  IBUF (Prop_ibuf_I_O)         1.326     1.326 r  clr_IBUF_inst/O
                         net (fo=707, routed)         3.585     4.911    A/clr_IBUF
    SLICE_X5Y87          FDRE                                         r  A/out_reg[0]/R
  -------------------------------------------------------------------    -------------------

                         (clock sys_clk_pin fall edge)
                                                      5.000     5.000 f  
    E3                                                0.000     5.000 f  dclk (IN)
                         net (fo=0)                   0.000     5.000    dclk
    E3                   IBUF (Prop_ibuf_I_O)         1.263     6.263 f  dclk_IBUF_inst/O
                         net (fo=1, routed)           1.443     7.706    dclk_IBUF
    BUFGCTRL_X0Y16       BUFG (Prop_bufg_I_O)         0.072     7.778 f  dclk_IBUF_BUFG_inst/O
                         net (fo=712, routed)         1.214     8.992    A/CLK
    SLICE_X5Y87          FDRE                                         r  A/out_reg[0]/C  (IS_INVERTED)

Slack:                    inf
  Source:                 clr
                            (input port)
  Destination:            PC/out_reg[26]/R
                            (falling edge-triggered cell FDRE clocked by sys_clk_pin  {rise@0.000ns fall@5.000ns period=10.000ns})
  Path Group:             (none)
  Path Type:              Setup (Max at Slow Process Corner)
  Data Path Delay:        4.848ns  (logic 1.326ns (27.345%)  route 3.522ns (72.655%))
  Logic Levels:           1  (IBUF=1)
  Clock Path Skew:        3.915ns (DCD - SCD + CPR)
    Destination Clock Delay (DCD):    3.915ns = ( 8.915 - 5.000 ) 
    Source Clock Delay      (SCD):    0.000ns
    Clock Pessimism Removal (CPR):    0.000ns
  Clock Uncertainty:      0.025ns  ((TSJ^2 + TIJ^2)^1/2 + DJ) / 2 + PE
    Total System Jitter     (TSJ):    0.050ns
    Total Input Jitter      (TIJ):    0.000ns
    Discrete Jitter          (DJ):    0.000ns
    Phase Error              (PE):    0.000ns

    Location             Delay type                Incr(ns)  Path(ns)    Netlist Resource(s)
  -------------------------------------------------------------------    -------------------
    J15                                               0.000     0.000 r  clr (IN)
                         net (fo=0)                   0.000     0.000    clr
    J15                  IBUF (Prop_ibuf_I_O)         1.326     1.326 r  clr_IBUF_inst/O
                         net (fo=707, routed)         3.522     4.848    PC/clr_IBUF
    SLICE_X11Y102        FDRE                                         r  PC/out_reg[26]/R
  -------------------------------------------------------------------    -------------------

                         (clock sys_clk_pin fall edge)
                                                      5.000     5.000 f  
    E3                                                0.000     5.000 f  dclk (IN)
                         net (fo=0)                   0.000     5.000    dclk
    E3                   IBUF (Prop_ibuf_I_O)         1.263     6.263 f  dclk_IBUF_inst/O
                         net (fo=1, routed)           1.443     7.706    dclk_IBUF
    BUFGCTRL_X0Y16       BUFG (Prop_bufg_I_O)         0.072     7.778 f  dclk_IBUF_BUFG_inst/O
                         net (fo=712, routed)         1.137     8.915    PC/CLK
    SLICE_X11Y102        FDRE                                         r  PC/out_reg[26]/C  (IS_INVERTED)

Slack:                    inf
  Source:                 clr
                            (input port)
  Destination:            PC/out_reg[27]/R
                            (falling edge-triggered cell FDRE clocked by sys_clk_pin  {rise@0.000ns fall@5.000ns period=10.000ns})
  Path Group:             (none)
  Path Type:              Setup (Max at Slow Process Corner)
  Data Path Delay:        4.848ns  (logic 1.326ns (27.345%)  route 3.522ns (72.655%))
  Logic Levels:           1  (IBUF=1)
  Clock Path Skew:        3.915ns (DCD - SCD + CPR)
    Destination Clock Delay (DCD):    3.915ns = ( 8.915 - 5.000 ) 
    Source Clock Delay      (SCD):    0.000ns
    Clock Pessimism Removal (CPR):    0.000ns
  Clock Uncertainty:      0.025ns  ((TSJ^2 + TIJ^2)^1/2 + DJ) / 2 + PE
    Total System Jitter     (TSJ):    0.050ns
    Total Input Jitter      (TIJ):    0.000ns
    Discrete Jitter          (DJ):    0.000ns
    Phase Error              (PE):    0.000ns

    Location             Delay type                Incr(ns)  Path(ns)    Netlist Resource(s)
  -------------------------------------------------------------------    -------------------
    J15                                               0.000     0.000 r  clr (IN)
                         net (fo=0)                   0.000     0.000    clr
    J15                  IBUF (Prop_ibuf_I_O)         1.326     1.326 r  clr_IBUF_inst/O
                         net (fo=707, routed)         3.522     4.848    PC/clr_IBUF
    SLICE_X11Y102        FDRE                                         r  PC/out_reg[27]/R
  -------------------------------------------------------------------    -------------------

                         (clock sys_clk_pin fall edge)
                                                      5.000     5.000 f  
    E3                                                0.000     5.000 f  dclk (IN)
                         net (fo=0)                   0.000     5.000    dclk
    E3                   IBUF (Prop_ibuf_I_O)         1.263     6.263 f  dclk_IBUF_inst/O
                         net (fo=1, routed)           1.443     7.706    dclk_IBUF
    BUFGCTRL_X0Y16       BUFG (Prop_bufg_I_O)         0.072     7.778 f  dclk_IBUF_BUFG_inst/O
                         net (fo=712, routed)         1.137     8.915    PC/CLK
    SLICE_X11Y102        FDRE                                         r  PC/out_reg[27]/C  (IS_INVERTED)

Slack:                    inf
  Source:                 clr
                            (input port)
  Destination:            reg_bank/R1/out_reg[12]/R
                            (falling edge-triggered cell FDRE clocked by sys_clk_pin  {rise@0.000ns fall@5.000ns period=10.000ns})
  Path Group:             (none)
  Path Type:              Setup (Max at Slow Process Corner)
  Data Path Delay:        4.848ns  (logic 1.326ns (27.345%)  route 3.522ns (72.655%))
  Logic Levels:           1  (IBUF=1)
  Clock Path Skew:        3.915ns (DCD - SCD + CPR)
    Destination Clock Delay (DCD):    3.915ns = ( 8.915 - 5.000 ) 
    Source Clock Delay      (SCD):    0.000ns
    Clock Pessimism Removal (CPR):    0.000ns
  Clock Uncertainty:      0.025ns  ((TSJ^2 + TIJ^2)^1/2 + DJ) / 2 + PE
    Total System Jitter     (TSJ):    0.050ns
    Total Input Jitter      (TIJ):    0.000ns
    Discrete Jitter          (DJ):    0.000ns
    Phase Error              (PE):    0.000ns

    Location             Delay type                Incr(ns)  Path(ns)    Netlist Resource(s)
  -------------------------------------------------------------------    -------------------
    J15                                               0.000     0.000 r  clr (IN)
                         net (fo=0)                   0.000     0.000    clr
    J15                  IBUF (Prop_ibuf_I_O)         1.326     1.326 r  clr_IBUF_inst/O
                         net (fo=707, routed)         3.522     4.848    reg_bank/R1/clr_IBUF
    SLICE_X10Y102        FDRE                                         r  reg_bank/R1/out_reg[12]/R
  -------------------------------------------------------------------    -------------------

                         (clock sys_clk_pin fall edge)
                                                      5.000     5.000 f  
    E3                                                0.000     5.000 f  dclk (IN)
                         net (fo=0)                   0.000     5.000    dclk
    E3                   IBUF (Prop_ibuf_I_O)         1.263     6.263 f  dclk_IBUF_inst/O
                         net (fo=1, routed)           1.443     7.706    dclk_IBUF
    BUFGCTRL_X0Y16       BUFG (Prop_bufg_I_O)         0.072     7.778 f  dclk_IBUF_BUFG_inst/O
                         net (fo=712, routed)         1.137     8.915    reg_bank/R1/CLK
    SLICE_X10Y102        FDRE                                         r  reg_bank/R1/out_reg[12]/C  (IS_INVERTED)





Min Delay Paths
--------------------------------------------------------------------------------------
Slack:                    inf
  Source:                 clr
                            (input port)
  Destination:            NPC/out_reg[17]/R
                            (falling edge-triggered cell FDRE clocked by sys_clk_pin  {rise@0.000ns fall@5.000ns period=10.000ns})
  Path Group:             (none)
  Path Type:              Hold (Min at Fast Process Corner)
  Data Path Delay:        0.619ns  (logic 0.245ns (39.655%)  route 0.374ns (60.345%))
  Logic Levels:           1  (IBUF=1)
  Clock Path Skew:        2.037ns (DCD - SCD - CPR)
    Destination Clock Delay (DCD):    2.037ns = ( 7.037 - 5.000 ) 
    Source Clock Delay      (SCD):    0.000ns
    Clock Pessimism Removal (CPR):    -0.000ns

    Location             Delay type                Incr(ns)  Path(ns)    Netlist Resource(s)
  -------------------------------------------------------------------    -------------------
    J15                                               0.000     0.000 r  clr (IN)
                         net (fo=0)                   0.000     0.000    clr
    J15                  IBUF (Prop_ibuf_I_O)         0.245     0.245 r  clr_IBUF_inst/O
                         net (fo=707, routed)         0.374     0.619    NPC/clr_IBUF
    SLICE_X1Y101         FDRE                                         r  NPC/out_reg[17]/R
  -------------------------------------------------------------------    -------------------

                         (clock sys_clk_pin fall edge)
                                                      5.000     5.000 f  
    E3                                                0.000     5.000 f  dclk (IN)
                         net (fo=0)                   0.000     5.000    dclk
    E3                   IBUF (Prop_ibuf_I_O)         0.438     5.438 f  dclk_IBUF_inst/O
                         net (fo=1, routed)           0.699     6.136    dclk_IBUF
    BUFGCTRL_X0Y16       BUFG (Prop_bufg_I_O)         0.029     6.165 f  dclk_IBUF_BUFG_inst/O
                         net (fo=712, routed)         0.872     7.037    NPC/CLK
    SLICE_X1Y101         FDRE                                         r  NPC/out_reg[17]/C  (IS_INVERTED)

Slack:                    inf
  Source:                 clr
                            (input port)
  Destination:            NPC/out_reg[18]/R
                            (falling edge-triggered cell FDRE clocked by sys_clk_pin  {rise@0.000ns fall@5.000ns period=10.000ns})
  Path Group:             (none)
  Path Type:              Hold (Min at Fast Process Corner)
  Data Path Delay:        0.619ns  (logic 0.245ns (39.655%)  route 0.374ns (60.345%))
  Logic Levels:           1  (IBUF=1)
  Clock Path Skew:        2.037ns (DCD - SCD - CPR)
    Destination Clock Delay (DCD):    2.037ns = ( 7.037 - 5.000 ) 
    Source Clock Delay      (SCD):    0.000ns
    Clock Pessimism Removal (CPR):    -0.000ns

    Location             Delay type                Incr(ns)  Path(ns)    Netlist Resource(s)
  -------------------------------------------------------------------    -------------------
    J15                                               0.000     0.000 r  clr (IN)
                         net (fo=0)                   0.000     0.000    clr
    J15                  IBUF (Prop_ibuf_I_O)         0.245     0.245 r  clr_IBUF_inst/O
                         net (fo=707, routed)         0.374     0.619    NPC/clr_IBUF
    SLICE_X1Y101         FDRE                                         r  NPC/out_reg[18]/R
  -------------------------------------------------------------------    -------------------

                         (clock sys_clk_pin fall edge)
                                                      5.000     5.000 f  
    E3                                                0.000     5.000 f  dclk (IN)
                         net (fo=0)                   0.000     5.000    dclk
    E3                   IBUF (Prop_ibuf_I_O)         0.438     5.438 f  dclk_IBUF_inst/O
                         net (fo=1, routed)           0.699     6.136    dclk_IBUF
    BUFGCTRL_X0Y16       BUFG (Prop_bufg_I_O)         0.029     6.165 f  dclk_IBUF_BUFG_inst/O
                         net (fo=712, routed)         0.872     7.037    NPC/CLK
    SLICE_X1Y101         FDRE                                         r  NPC/out_reg[18]/C  (IS_INVERTED)

Slack:                    inf
  Source:                 clr
                            (input port)
  Destination:            NPC/out_reg[20]/R
                            (falling edge-triggered cell FDRE clocked by sys_clk_pin  {rise@0.000ns fall@5.000ns period=10.000ns})
  Path Group:             (none)
  Path Type:              Hold (Min at Fast Process Corner)
  Data Path Delay:        0.619ns  (logic 0.245ns (39.655%)  route 0.374ns (60.345%))
  Logic Levels:           1  (IBUF=1)
  Clock Path Skew:        2.037ns (DCD - SCD - CPR)
    Destination Clock Delay (DCD):    2.037ns = ( 7.037 - 5.000 ) 
    Source Clock Delay      (SCD):    0.000ns
    Clock Pessimism Removal (CPR):    -0.000ns

    Location             Delay type                Incr(ns)  Path(ns)    Netlist Resource(s)
  -------------------------------------------------------------------    -------------------
    J15                                               0.000     0.000 r  clr (IN)
                         net (fo=0)                   0.000     0.000    clr
    J15                  IBUF (Prop_ibuf_I_O)         0.245     0.245 r  clr_IBUF_inst/O
                         net (fo=707, routed)         0.374     0.619    NPC/clr_IBUF
    SLICE_X1Y101         FDRE                                         r  NPC/out_reg[20]/R
  -------------------------------------------------------------------    -------------------

                         (clock sys_clk_pin fall edge)
                                                      5.000     5.000 f  
    E3                                                0.000     5.000 f  dclk (IN)
                         net (fo=0)                   0.000     5.000    dclk
    E3                   IBUF (Prop_ibuf_I_O)         0.438     5.438 f  dclk_IBUF_inst/O
                         net (fo=1, routed)           0.699     6.136    dclk_IBUF
    BUFGCTRL_X0Y16       BUFG (Prop_bufg_I_O)         0.029     6.165 f  dclk_IBUF_BUFG_inst/O
                         net (fo=712, routed)         0.872     7.037    NPC/CLK
    SLICE_X1Y101         FDRE                                         r  NPC/out_reg[20]/C  (IS_INVERTED)

Slack:                    inf
  Source:                 clr
                            (input port)
  Destination:            reg_bank/R8/out_reg[9]/R
                            (falling edge-triggered cell FDRE clocked by sys_clk_pin  {rise@0.000ns fall@5.000ns period=10.000ns})
  Path Group:             (none)
  Path Type:              Hold (Min at Fast Process Corner)
  Data Path Delay:        0.622ns  (logic 0.245ns (39.448%)  route 0.377ns (60.552%))
  Logic Levels:           1  (IBUF=1)
  Clock Path Skew:        2.037ns (DCD - SCD - CPR)
    Destination Clock Delay (DCD):    2.037ns = ( 7.037 - 5.000 ) 
    Source Clock Delay      (SCD):    0.000ns
    Clock Pessimism Removal (CPR):    -0.000ns

    Location             Delay type                Incr(ns)  Path(ns)    Netlist Resource(s)
  -------------------------------------------------------------------    -------------------
    J15                                               0.000     0.000 r  clr (IN)
                         net (fo=0)                   0.000     0.000    clr
    J15                  IBUF (Prop_ibuf_I_O)         0.245     0.245 r  clr_IBUF_inst/O
                         net (fo=707, routed)         0.377     0.622    reg_bank/R8/clr_IBUF
    SLICE_X0Y101         FDRE                                         r  reg_bank/R8/out_reg[9]/R
  -------------------------------------------------------------------    -------------------

                         (clock sys_clk_pin fall edge)
                                                      5.000     5.000 f  
    E3                                                0.000     5.000 f  dclk (IN)
                         net (fo=0)                   0.000     5.000    dclk
    E3                   IBUF (Prop_ibuf_I_O)         0.438     5.438 f  dclk_IBUF_inst/O
                         net (fo=1, routed)           0.699     6.136    dclk_IBUF
    BUFGCTRL_X0Y16       BUFG (Prop_bufg_I_O)         0.029     6.165 f  dclk_IBUF_BUFG_inst/O
                         net (fo=712, routed)         0.872     7.037    reg_bank/R8/CLK
    SLICE_X0Y101         FDRE                                         r  reg_bank/R8/out_reg[9]/C  (IS_INVERTED)

Slack:                    inf
  Source:                 clr
                            (input port)
  Destination:            PC/out_reg[14]/R
                            (falling edge-triggered cell FDRE clocked by sys_clk_pin  {rise@0.000ns fall@5.000ns period=10.000ns})
  Path Group:             (none)
  Path Type:              Hold (Min at Fast Process Corner)
  Data Path Delay:        0.646ns  (logic 0.245ns (38.004%)  route 0.400ns (61.996%))
  Logic Levels:           1  (IBUF=1)
  Clock Path Skew:        2.037ns (DCD - SCD - CPR)
    Destination Clock Delay (DCD):    2.037ns = ( 7.037 - 5.000 ) 
    Source Clock Delay      (SCD):    0.000ns
    Clock Pessimism Removal (CPR):    -0.000ns

    Location             Delay type                Incr(ns)  Path(ns)    Netlist Resource(s)
  -------------------------------------------------------------------    -------------------
    J15                                               0.000     0.000 r  clr (IN)
                         net (fo=0)                   0.000     0.000    clr
    J15                  IBUF (Prop_ibuf_I_O)         0.245     0.245 r  clr_IBUF_inst/O
                         net (fo=707, routed)         0.400     0.646    PC/clr_IBUF
    SLICE_X1Y100         FDRE                                         r  PC/out_reg[14]/R
  -------------------------------------------------------------------    -------------------

                         (clock sys_clk_pin fall edge)
                                                      5.000     5.000 f  
    E3                                                0.000     5.000 f  dclk (IN)
                         net (fo=0)                   0.000     5.000    dclk
    E3                   IBUF (Prop_ibuf_I_O)         0.438     5.438 f  dclk_IBUF_inst/O
                         net (fo=1, routed)           0.699     6.136    dclk_IBUF
    BUFGCTRL_X0Y16       BUFG (Prop_bufg_I_O)         0.029     6.165 f  dclk_IBUF_BUFG_inst/O
                         net (fo=712, routed)         0.872     7.037    PC/CLK
    SLICE_X1Y100         FDRE                                         r  PC/out_reg[14]/C  (IS_INVERTED)

Slack:                    inf
  Source:                 clr
                            (input port)
  Destination:            PC/out_reg[15]/R
                            (falling edge-triggered cell FDRE clocked by sys_clk_pin  {rise@0.000ns fall@5.000ns period=10.000ns})
  Path Group:             (none)
  Path Type:              Hold (Min at Fast Process Corner)
  Data Path Delay:        0.646ns  (logic 0.245ns (38.004%)  route 0.400ns (61.996%))
  Logic Levels:           1  (IBUF=1)
  Clock Path Skew:        2.037ns (DCD - SCD - CPR)
    Destination Clock Delay (DCD):    2.037ns = ( 7.037 - 5.000 ) 
    Source Clock Delay      (SCD):    0.000ns
    Clock Pessimism Removal (CPR):    -0.000ns

    Location             Delay type                Incr(ns)  Path(ns)    Netlist Resource(s)
  -------------------------------------------------------------------    -------------------
    J15                                               0.000     0.000 r  clr (IN)
                         net (fo=0)                   0.000     0.000    clr
    J15                  IBUF (Prop_ibuf_I_O)         0.245     0.245 r  clr_IBUF_inst/O
                         net (fo=707, routed)         0.400     0.646    PC/clr_IBUF
    SLICE_X1Y100         FDRE                                         r  PC/out_reg[15]/R
  -------------------------------------------------------------------    -------------------

                         (clock sys_clk_pin fall edge)
                                                      5.000     5.000 f  
    E3                                                0.000     5.000 f  dclk (IN)
                         net (fo=0)                   0.000     5.000    dclk
    E3                   IBUF (Prop_ibuf_I_O)         0.438     5.438 f  dclk_IBUF_inst/O
                         net (fo=1, routed)           0.699     6.136    dclk_IBUF
    BUFGCTRL_X0Y16       BUFG (Prop_bufg_I_O)         0.029     6.165 f  dclk_IBUF_BUFG_inst/O
                         net (fo=712, routed)         0.872     7.037    PC/CLK
    SLICE_X1Y100         FDRE                                         r  PC/out_reg[15]/C  (IS_INVERTED)

Slack:                    inf
  Source:                 clr
                            (input port)
  Destination:            reg_bank/R15/out_reg[9]/R
                            (falling edge-triggered cell FDRE clocked by sys_clk_pin  {rise@0.000ns fall@5.000ns period=10.000ns})
  Path Group:             (none)
  Path Type:              Hold (Min at Fast Process Corner)
  Data Path Delay:        0.693ns  (logic 0.245ns (35.435%)  route 0.447ns (64.565%))
  Logic Levels:           1  (IBUF=1)
  Clock Path Skew:        2.037ns (DCD - SCD - CPR)
    Destination Clock Delay (DCD):    2.037ns = ( 7.037 - 5.000 ) 
    Source Clock Delay      (SCD):    0.000ns
    Clock Pessimism Removal (CPR):    -0.000ns

    Location             Delay type                Incr(ns)  Path(ns)    Netlist Resource(s)
  -------------------------------------------------------------------    -------------------
    J15                                               0.000     0.000 r  clr (IN)
                         net (fo=0)                   0.000     0.000    clr
    J15                  IBUF (Prop_ibuf_I_O)         0.245     0.245 r  clr_IBUF_inst/O
                         net (fo=707, routed)         0.447     0.693    reg_bank/R15/clr_IBUF
    SLICE_X1Y102         FDRE                                         r  reg_bank/R15/out_reg[9]/R
  -------------------------------------------------------------------    -------------------

                         (clock sys_clk_pin fall edge)
                                                      5.000     5.000 f  
    E3                                                0.000     5.000 f  dclk (IN)
                         net (fo=0)                   0.000     5.000    dclk
    E3                   IBUF (Prop_ibuf_I_O)         0.438     5.438 f  dclk_IBUF_inst/O
                         net (fo=1, routed)           0.699     6.136    dclk_IBUF
    BUFGCTRL_X0Y16       BUFG (Prop_bufg_I_O)         0.029     6.165 f  dclk_IBUF_BUFG_inst/O
                         net (fo=712, routed)         0.872     7.037    reg_bank/R15/CLK
    SLICE_X1Y102         FDRE                                         r  reg_bank/R15/out_reg[9]/C  (IS_INVERTED)

Slack:                    inf
  Source:                 clr
                            (input port)
  Destination:            reg_bank/R5/out_reg[9]/R
                            (falling edge-triggered cell FDRE clocked by sys_clk_pin  {rise@0.000ns fall@5.000ns period=10.000ns})
  Path Group:             (none)
  Path Type:              Hold (Min at Fast Process Corner)
  Data Path Delay:        0.696ns  (logic 0.245ns (35.269%)  route 0.450ns (64.731%))
  Logic Levels:           1  (IBUF=1)
  Clock Path Skew:        2.037ns (DCD - SCD - CPR)
    Destination Clock Delay (DCD):    2.037ns = ( 7.037 - 5.000 ) 
    Source Clock Delay      (SCD):    0.000ns
    Clock Pessimism Removal (CPR):    -0.000ns

    Location             Delay type                Incr(ns)  Path(ns)    Netlist Resource(s)
  -------------------------------------------------------------------    -------------------
    J15                                               0.000     0.000 r  clr (IN)
                         net (fo=0)                   0.000     0.000    clr
    J15                  IBUF (Prop_ibuf_I_O)         0.245     0.245 r  clr_IBUF_inst/O
                         net (fo=707, routed)         0.450     0.696    reg_bank/R5/clr_IBUF
    SLICE_X0Y102         FDRE                                         r  reg_bank/R5/out_reg[9]/R
  -------------------------------------------------------------------    -------------------

                         (clock sys_clk_pin fall edge)
                                                      5.000     5.000 f  
    E3                                                0.000     5.000 f  dclk (IN)
                         net (fo=0)                   0.000     5.000    dclk
    E3                   IBUF (Prop_ibuf_I_O)         0.438     5.438 f  dclk_IBUF_inst/O
                         net (fo=1, routed)           0.699     6.136    dclk_IBUF
    BUFGCTRL_X0Y16       BUFG (Prop_bufg_I_O)         0.029     6.165 f  dclk_IBUF_BUFG_inst/O
                         net (fo=712, routed)         0.872     7.037    reg_bank/R5/CLK
    SLICE_X0Y102         FDRE                                         r  reg_bank/R5/out_reg[9]/C  (IS_INVERTED)

Slack:                    inf
  Source:                 clr
                            (input port)
  Destination:            ALU_OUT/out_reg[15]/R
                            (falling edge-triggered cell FDRE clocked by sys_clk_pin  {rise@0.000ns fall@5.000ns period=10.000ns})
  Path Group:             (none)
  Path Type:              Hold (Min at Fast Process Corner)
  Data Path Delay:        0.709ns  (logic 0.245ns (34.614%)  route 0.464ns (65.386%))
  Logic Levels:           1  (IBUF=1)
  Clock Path Skew:        2.043ns (DCD - SCD - CPR)
    Destination Clock Delay (DCD):    2.043ns = ( 7.043 - 5.000 ) 
    Source Clock Delay      (SCD):    0.000ns
    Clock Pessimism Removal (CPR):    -0.000ns

    Location             Delay type                Incr(ns)  Path(ns)    Netlist Resource(s)
  -------------------------------------------------------------------    -------------------
    J15                                               0.000     0.000 r  clr (IN)
                         net (fo=0)                   0.000     0.000    clr
    J15                  IBUF (Prop_ibuf_I_O)         0.245     0.245 r  clr_IBUF_inst/O
                         net (fo=707, routed)         0.464     0.709    ALU_OUT/clr_IBUF
    SLICE_X1Y99          FDRE                                         r  ALU_OUT/out_reg[15]/R
  -------------------------------------------------------------------    -------------------

                         (clock sys_clk_pin fall edge)
                                                      5.000     5.000 f  
    E3                                                0.000     5.000 f  dclk (IN)
                         net (fo=0)                   0.000     5.000    dclk
    E3                   IBUF (Prop_ibuf_I_O)         0.438     5.438 f  dclk_IBUF_inst/O
                         net (fo=1, routed)           0.699     6.136    dclk_IBUF
    BUFGCTRL_X0Y16       BUFG (Prop_bufg_I_O)         0.029     6.165 f  dclk_IBUF_BUFG_inst/O
                         net (fo=712, routed)         0.878     7.043    ALU_OUT/CLK
    SLICE_X1Y99          FDRE                                         r  ALU_OUT/out_reg[15]/C  (IS_INVERTED)

Slack:                    inf
  Source:                 clr
                            (input port)
  Destination:            PC/out_reg[16]/R
                            (falling edge-triggered cell FDRE clocked by sys_clk_pin  {rise@0.000ns fall@5.000ns period=10.000ns})
  Path Group:             (none)
  Path Type:              Hold (Min at Fast Process Corner)
  Data Path Delay:        0.727ns  (logic 0.245ns (33.764%)  route 0.481ns (66.236%))
  Logic Levels:           1  (IBUF=1)
  Clock Path Skew:        2.037ns (DCD - SCD - CPR)
    Destination Clock Delay (DCD):    2.037ns = ( 7.037 - 5.000 ) 
    Source Clock Delay      (SCD):    0.000ns
    Clock Pessimism Removal (CPR):    -0.000ns

    Location             Delay type                Incr(ns)  Path(ns)    Netlist Resource(s)
  -------------------------------------------------------------------    -------------------
    J15                                               0.000     0.000 r  clr (IN)
                         net (fo=0)                   0.000     0.000    clr
    J15                  IBUF (Prop_ibuf_I_O)         0.245     0.245 r  clr_IBUF_inst/O
                         net (fo=707, routed)         0.481     0.727    PC/clr_IBUF
    SLICE_X2Y101         FDRE                                         r  PC/out_reg[16]/R
  -------------------------------------------------------------------    -------------------

                         (clock sys_clk_pin fall edge)
                                                      5.000     5.000 f  
    E3                                                0.000     5.000 f  dclk (IN)
                         net (fo=0)                   0.000     5.000    dclk
    E3                   IBUF (Prop_ibuf_I_O)         0.438     5.438 f  dclk_IBUF_inst/O
                         net (fo=1, routed)           0.699     6.136    dclk_IBUF
    BUFGCTRL_X0Y16       BUFG (Prop_bufg_I_O)         0.029     6.165 f  dclk_IBUF_BUFG_inst/O
                         net (fo=712, routed)         0.872     7.037    PC/CLK
    SLICE_X2Y101         FDRE                                         r  PC/out_reg[16]/C  (IS_INVERTED)





